Date,Away Team,Home Team,Player,Player Team,Passing Yards,Passing TD,Passing INT,Receptions,Receiving Yards,Receiving TD,Rushing Yards,Rushing TD,Fumbles Lost,Pos,Fantasy Points,Next Week Fantasy Points,Next Week Fantasy Points Log
2024-09-05,Baltimore Ravens,Kansas City Chiefs,isaiah likely,Baltimore Ravens,0,0,0,9,111,1,0,0,0,TE,26.1,4.6,1.7227665977411035
2024-09-05,Baltimore Ravens,Kansas City Chiefs,mark andrews,Baltimore Ravens,0,0,0,2,14,0,0,0,0,TE,3.4000000000000004,9.100000000000001,2.312535423847214
2024-09-05,Baltimore Ravens,Kansas City Chiefs,noah gray,Kansas City Chiefs,0,0,0,3,37,0,0,0,0,TE,6.7,2.3,1.1939224684724346
2024-09-05,Baltimore Ravens,Kansas City Chiefs,travis kelce,Kansas City Chiefs,0,0,0,3,34,0,0,0,0,TE,6.4,1.6,0.9555114450274363
2024-09-06,Green Bay Packers,Philadelphia Eagles,tucker kraft,Green Bay Packers,0,0,0,2,37,0,0,0,0,TE,5.7,3.6,1.5260563034950492
2024-09-06,Green Bay Packers,Philadelphia Eagles,luke musgrave,Green Bay Packers,0,0,0,0,0,0,0,0,0,TE,0.0,1.6,0.9555114450274363
2024-09-06,Green Bay Packers,Philadelphia Eagles,dallas goedert,Philadelphia Eagles,0,0,0,4,31,0,0,0,0,TE,7.1,6.800000000000001,2.0541237336955462
2024-09-06,Green Bay Packers,Philadelphia Eagles,grant calcaterra,Philadelphia Eagles,0,0,0,1,11,0,0,0,0,TE,2.1,3.9000000000000004,1.589235205116581
2024-09-08,Arizona Cardinals,Buffalo Bills,trey mcbride,Arizona Cardinals,0,0,0,5,30,0,0,0,0,TE,8.0,12.7,2.617395832834079
2024-09-08,Arizona Cardinals,Buffalo Bills,elijah higgins,Arizona Cardinals,0,0,0,2,12,0,0,0,0,TE,3.2,8.8,2.2823823856765264
2024-09-08,Arizona Cardinals,Buffalo Bills,dawson knox,Buffalo Bills,0,0,0,1,23,0,0,0,0,TE,3.3000000000000003,1.7000000000000002,0.9932517730102834
2024-09-08,Arizona Cardinals,Buffalo Bills,dalton kincaid,Buffalo Bills,0,0,0,1,11,0,0,0,0,TE,2.1,7.300000000000001,2.1162555148025524
2024-09-08,Carolina Panthers,New Orleans Saints,ja'tavion sanders,Carolina Panthers,0,0,0,1,4,0,0,0,0,TE,1.4,2.8,1.33500106673234
2024-09-08,Carolina Panthers,New Orleans Saints,taysom hill,New Orleans Saints,0,0,0,1,1,0,35,0,0,TE,4.6,2.9,1.3609765531356006
2024-09-08,Carolina Panthers,New Orleans Saints,foster moreau,New Orleans Saints,0,0,0,4,43,1,0,0,0,TE,14.3,1.2,0.7884573603642702
2024-09-08,Carolina Panthers,New Orleans Saints,juwan johnson,New Orleans Saints,0,0,0,2,26,1,0,0,0,TE,10.6,3.3,1.4586150226995167
2024-09-08,Dallas Cowboys,Cleveland Browns,jake ferguson,Dallas Cowboys,0,0,0,3,15,0,0,0,0,TE,4.5,15.5,2.803360380906535
2024-09-08,Dallas Cowboys,Cleveland Browns,david njoku,Cleveland Browns,0,0,0,4,44,0,0,0,0,TE,8.4,2.4000000000000004,1.2237754316221159
2024-09-08,Dallas Cowboys,Cleveland Browns,jordan akins,Cleveland Browns,0,0,0,3,27,0,0,0,0,TE,5.7,2.0,1.0986122886681098
2024-09-08,Denver Broncos,Seattle Seahawks,greg dulcich,Denver Broncos,0,0,0,2,12,0,0,0,0,TE,3.2,4.6,1.7227665977411035
2024-09-08,Denver Broncos,Seattle Seahawks,adam trautman,Denver Broncos,0,0,0,0,0,0,0,0,0,TE,0.0,2.3,1.1939224684724346
2024-09-08,Denver Broncos,Seattle Seahawks,noah fant,Seattle Seahawks,0,0,0,2,11,0,0,0,0,TE,3.1,2.4000000000000004,1.2237754316221159
2024-09-08,Houston Texans,Indianapolis Colts,dalton schultz,Houston Texans,0,0,0,3,16,0,0,0,0,TE,4.6,4.1,1.62924053973028
2024-09-08,Houston Texans,Indianapolis Colts,brevin jordan,Houston Texans,0,0,0,1,3,0,0,0,0,TE,1.3,1.4,0.8754687373538999
2024-09-08,Houston Texans,Indianapolis Colts,kylen granson,Indianapolis Colts,0,0,0,0,0,0,0,0,0,TE,0.0,1.9,1.0647107369924282
2024-09-08,Houston Texans,Indianapolis Colts,mo alie-cox,Indianapolis Colts,0,0,0,0,0,0,0,0,0,TE,0.0,3.2,1.4350845252893227
2024-09-08,Jacksonville Jaguars,Miami Dolphins,evan engram,Jacksonville Jaguars,0,0,0,1,5,0,0,0,0,TE,1.5,18.200000000000003,2.954910279033736
2024-09-08,Jacksonville Jaguars,Miami Dolphins,jonnu smith,Miami Dolphins,0,0,0,1,7,0,0,0,0,TE,1.7000000000000002,11.3,2.509599262378372
2024-09-08,Jacksonville Jaguars,Miami Dolphins,julian hill,Miami Dolphins,0,0,0,1,6,0,0,0,0,TE,1.6,0.0,0.0
2024-09-08,Jacksonville Jaguars,Miami Dolphins,durham smythe,Miami Dolphins,0,0,0,0,0,0,0,0,0,TE,0.0,1.8,1.0296194171811581
2024-09-08,Las Vegas Raiders,Los Angeles Chargers,brock bowers,Las Vegas Raiders,0,0,0,6,58,0,0,0,0,TE,11.8,18.8,2.9856819377004897
2024-09-08,Las Vegas Raiders,Los Angeles Chargers,michael mayer,Las Vegas Raiders,0,0,0,2,3,0,0,0,0,TE,2.3,2.1,1.1314021114911006
2024-09-08,Las Vegas Raiders,Los Angeles Chargers,hayden hurst,Los Angeles Chargers,0,0,0,2,33,0,0,0,0,TE,5.300000000000001,1.5,0.9162907318741551
2024-09-08,Las Vegas Raiders,Los Angeles Chargers,will dissly,Los Angeles Chargers,0,0,0,1,13,0,0,0,0,TE,2.3,5.9,1.9315214116032138
2024-09-08,Los Angeles Rams,Detroit Lions,colby parkinson,Los Angeles Rams,0,0,0,4,47,0,0,0,0,TE,8.7,2.2,1.1631508098056809
2024-09-08,Los Angeles Rams,Detroit Lions,davis allen,Los Angeles Rams,0,0,0,0,0,0,0,0,0,TE,0.0,0.0,0.0
2024-09-08,Los Angeles Rams,Detroit Lions,sam laporta,Detroit Lions,0,0,0,4,45,0,0,0,0,TE,8.5,3.3,1.4586150226995167
2024-09-08,Los Angeles Rams,Detroit Lions,brock wright,Detroit Lions,0,0,0,1,2,0,0,0,0,TE,1.2,7.4,2.128231705849268
2024-09-08,Minnesota Vikings,New York Giants,josh oliver,Minnesota Vikings,0,0,0,2,27,0,0,0,0,TE,4.7,0.0,0.0
2024-09-08,Minnesota Vikings,New York Giants,theo johnson,New York Giants,0,0,0,1,18,0,0,0,0,TE,2.8,2.3,1.1939224684724346
2024-09-08,Minnesota Vikings,New York Giants,daniel bellinger,New York Giants,0,0,0,1,3,0,0,0,0,TE,1.3,2.7,1.308332819650179
2024-09-08,New England Patriots,Cincinnati Bengals,austin hooper,New England Patriots,0,0,0,2,31,0,0,0,0,TE,5.1,1.5,0.9162907318741551
2024-09-08,New England Patriots,Cincinnati Bengals,hunter henry,New England Patriots,0,0,0,2,18,0,0,0,0,TE,3.8,18.9,2.990719731730447
2024-09-08,New England Patriots,Cincinnati Bengals,tanner hudson,Cincinnati Bengals,0,0,0,2,18,0,0,0,1,TE,1.7999999999999998,0.0,0.0
2024-09-08,New England Patriots,Cincinnati Bengals,mike gesicki,Cincinnati Bengals,0,0,0,3,18,0,0,0,0,TE,4.8,16.1,2.8390784635086144
2024-09-08,Pittsburgh Steelers,Atlanta Falcons,pat freiermuth,Pittsburgh Steelers,0,0,0,4,27,0,0,0,0,TE,6.7,7.9,2.186051276738094
2024-09-08,Pittsburgh Steelers,Atlanta Falcons,mycole pruitt,Pittsburgh Steelers,0,0,0,1,9,0,0,0,0,TE,1.9,2.0,1.0986122886681098
2024-09-08,Pittsburgh Steelers,Atlanta Falcons,darnell washington,Pittsburgh Steelers,0,0,0,1,5,0,0,0,0,TE,1.5,7.5,2.1400661634962708
2024-09-08,Pittsburgh Steelers,Atlanta Falcons,kyle pitts,Atlanta Falcons,0,0,0,3,26,1,0,0,0,TE,11.6,5.0,1.791759469228055
2024-09-08,Pittsburgh Steelers,Atlanta Falcons,charlie woerner,Atlanta Falcons,0,0,0,1,4,0,0,0,0,TE,1.4,2.3,1.1939224684724346
2024-09-08,Tennessee Titans,Chicago Bears,chigoziem okonkwo,Tennessee Titans,0,0,0,2,15,1,0,0,0,TE,9.5,4.6,1.7227665977411035
2024-09-08,Tennessee Titans,Chicago Bears,nick vannett,Tennessee Titans,0,0,0,2,11,0,0,0,0,TE,3.1,8.9,2.2925347571405443
2024-09-08,Tennessee Titans,Chicago Bears,cole kmet,Chicago Bears,0,0,0,1,4,0,0,0,0,TE,1.4,6.7,2.0412203288596382
2024-09-08,Tennessee Titans,Chicago Bears,gerald everett,Chicago Bears,0,0,0,1,-1,0,0,0,0,TE,0.9,2.1,1.1314021114911006
2024-09-08,Washington Commanders,Tampa Bay Buccaneers,zach ertz,Washington Commanders,0,0,0,3,28,0,0,0,0,TE,5.800000000000001,10.2,2.4159137783010487
2024-09-08,Washington Commanders,Tampa Bay Buccaneers,john bates,Washington Commanders,0,0,0,0,0,0,0,0,0,TE,0.0,1.5,0.9162907318741551
2024-09-08,Washington Commanders,Tampa Bay Buccaneers,cade otton,Tampa Bay Buccaneers,0,0,0,1,5,0,0,0,0,TE,1.5,-0.4,-0.5108256237659907
2024-09-09,New York Jets,San Francisco 49ers,tyler conklin,New York Jets,0,0,0,1,6,0,0,0,0,TE,1.6,2.0,1.0986122886681098
2024-09-09,New York Jets,San Francisco 49ers,george kittle,San Francisco 49ers,0,0,0,4,40,0,0,0,0,TE,8.0,20.6,3.0726933146901194
2024-09-09,New York Jets,San Francisco 49ers,eric saubert,San Francisco 49ers,0,0,0,0,0,0,0,0,0,TE,0.0,4.6,1.7227665977411035
2024-09-12,Buffalo Bills,Miami Dolphins,dalton kincaid,Buffalo Bills,0,0,0,4,33,0,0,0,0,TE,7.300000000000001,13.100000000000001,2.6461747973841225
2024-09-12,Buffalo Bills,Miami Dolphins,jonnu smith,Miami Dolphins,0,0,0,6,53,0,0,0,0,TE,11.3,3.8,1.5686159179138452
2024-09-12,Buffalo Bills,Miami Dolphins,durham smythe,Miami Dolphins,0,0,0,1,8,0,0,0,0,TE,1.8,1.3,0.832909122935104
2024-09-12,Buffalo Bills,Miami Dolphins,julian hill,Miami Dolphins,0,0,0,0,0,0,0,0,0,TE,0.0,4.4,1.6863989535702288
2024-09-15,Chicago Bears,Houston Texans,cole kmet,Chicago Bears,0,0,0,4,27,0,0,0,0,TE,6.7,25.700000000000003,3.2846635654062037
2024-09-15,Chicago Bears,Houston Texans,gerald everett,Chicago Bears,0,0,0,2,1,0,0,0,0,TE,2.1,0.0,0.0
2024-09-15,Chicago Bears,Houston Texans,dalton schultz,Houston Texans,0,0,0,2,21,0,0,0,0,TE,4.1,3.1,1.410986973710262
2024-09-15,Chicago Bears,Houston Texans,cade stover,Houston Texans,0,0,0,1,18,0,0,0,0,TE,2.8,3.7,1.547562508716013
2024-09-15,Cincinnati Bengals,Kansas City Chiefs,mike gesicki,Cincinnati Bengals,0,0,0,7,91,0,0,0,0,TE,16.1,8.7,2.272125885509337
2024-09-15,Cincinnati Bengals,Kansas City Chiefs,erick all,Cincinnati Bengals,0,0,0,4,32,0,0,0,0,TE,7.2,6.2,1.9740810260220096
2024-09-15,Cincinnati Bengals,Kansas City Chiefs,drew sample,Cincinnati Bengals,0,0,0,3,28,0,0,0,0,TE,5.800000000000001,1.0,0.6931471805599453
2024-09-15,Cincinnati Bengals,Kansas City Chiefs,travis kelce,Kansas City Chiefs,0,0,0,1,5,0,1,0,0,TE,1.6,7.0,2.0794415416798357
2024-09-15,Cleveland Browns,Jacksonville Jaguars,jordan akins,Cleveland Browns,0,0,0,1,10,0,0,0,0,TE,2.0,6.9,2.066862759472976
2024-09-15,Cleveland Browns,Jacksonville Jaguars,brenton strange,Jacksonville Jaguars,0,0,0,3,65,0,0,0,0,TE,9.5,9.2,2.322387720290225
2024-09-15,Cleveland Browns,Jacksonville Jaguars,luke farrell,Jacksonville Jaguars,0,0,0,2,13,0,0,0,0,TE,3.3,1.1,0.7419373447293773
2024-09-15,Indianapolis Colts,Green Bay Packers,mo alie-cox,Indianapolis Colts,0,0,0,1,22,0,0,0,0,TE,3.2,0.0,0.0
2024-09-15,Indianapolis Colts,Green Bay Packers,andrew ogletree,Indianapolis Colts,0,0,0,1,12,0,0,0,0,TE,2.2,8.5,2.2512917986064953
2024-09-15,Indianapolis Colts,Green Bay Packers,kylen granson,Indianapolis Colts,0,0,0,1,9,0,0,0,0,TE,1.9,5.0,1.791759469228055
2024-09-15,Indianapolis Colts,Green Bay Packers,tucker kraft,Green Bay Packers,0,0,0,2,16,0,0,0,0,TE,3.6,4.4,1.6863989535702288
2024-09-15,Indianapolis Colts,Green Bay Packers,luke musgrave,Green Bay Packers,0,0,0,1,6,0,0,0,0,TE,1.6,1.3,0.832909122935104
2024-09-15,Las Vegas Raiders,Baltimore Ravens,brock bowers,Las Vegas Raiders,0,0,0,9,98,0,0,0,0,TE,18.8,7.1000000000000005,2.0918640616783932
2024-09-15,Las Vegas Raiders,Baltimore Ravens,michael mayer,Las Vegas Raiders,0,0,0,1,11,0,0,0,0,TE,2.1,1.7000000000000002,0.9932517730102834
2024-09-15,Las Vegas Raiders,Baltimore Ravens,harrison bryant,Las Vegas Raiders,0,0,0,0,0,0,0,0,0,TE,0.0,4.1,1.62924053973028
2024-09-15,Las Vegas Raiders,Baltimore Ravens,mark andrews,Baltimore Ravens,0,0,0,4,51,0,0,0,0,TE,9.100000000000001,0.0,0.0
2024-09-15,Las Vegas Raiders,Baltimore Ravens,isaiah likely,Baltimore Ravens,0,0,0,2,26,0,0,0,0,TE,4.6,1.4,0.8754687373538999
2024-09-15,Las Vegas Raiders,Baltimore Ravens,charlie kolar,Baltimore Ravens,0,0,0,1,4,0,0,0,0,TE,1.4,4.0,1.6094379124341003
2024-09-15,Los Angeles Chargers,Carolina Panthers,will dissly,Los Angeles Chargers,0,0,0,3,29,0,0,0,0,TE,5.9,4.9,1.7749523509116738
2024-09-15,Los Angeles Chargers,Carolina Panthers,hayden hurst,Los Angeles Chargers,0,0,0,1,5,0,0,0,0,TE,1.5,3.5,1.5040773967762742
2024-09-15,Los Angeles Chargers,Carolina Panthers,eric tomlinson,Los Angeles Chargers,0,0,0,0,0,0,0,0,0,TE,0.0,1.7000000000000002,0.9932517730102834
2024-09-15,Los Angeles Chargers,Carolina Panthers,tommy tremble,Carolina Panthers,0,0,0,3,23,0,0,0,0,TE,5.300000000000001,5.9,1.9315214116032138
2024-09-15,Los Angeles Chargers,Carolina Panthers,ja'tavion sanders,Carolina Panthers,0,0,0,2,8,0,0,0,0,TE,2.8,0.0,0.0
2024-09-15,Los Angeles Rams,Arizona Cardinals,colby parkinson,Los Angeles Rams,0,0,0,1,12,0,0,0,0,TE,2.2,5.1,1.8082887711792655
2024-09-15,Los Angeles Rams,Arizona Cardinals,trey mcbride,Arizona Cardinals,0,0,0,6,67,0,0,0,0,TE,12.7,5.5,1.8718021769015913
2024-09-15,Los Angeles Rams,Arizona Cardinals,elijah higgins,Arizona Cardinals,0,0,0,1,18,1,0,0,0,TE,8.8,2.1,1.1314021114911006
2024-09-15,New Orleans Saints,Dallas Cowboys,taysom hill,New Orleans Saints,0,0,0,1,1,0,18,0,0,TE,2.9,14.4,2.7343675094195836
2024-09-15,New Orleans Saints,Dallas Cowboys,luke schoonmaker,Dallas Cowboys,0,0,0,6,43,0,0,0,0,TE,10.3,1.5,0.9162907318741551
2024-09-15,New Orleans Saints,Dallas Cowboys,brevyn spann-ford,Dallas Cowboys,0,0,0,0,0,0,0,0,0,TE,0.0,4.0,1.6094379124341003
2024-09-15,New York Giants,Washington Commanders,zach ertz,Washington Commanders,0,0,0,4,62,0,0,0,0,TE,10.2,8.8,2.2823823856765264
2024-09-15,New York Giants,Washington Commanders,john bates,Washington Commanders,0,0,0,1,5,0,0,0,0,TE,1.5,1.9,1.0647107369924282
2024-09-15,New York Jets,Tennessee Titans,tyler conklin,New York Jets,0,0,0,1,10,0,0,0,0,TE,2.0,14.3,2.72785282839839
2024-09-15,New York Jets,Tennessee Titans,jeremy ruckert,New York Jets,0,0,0,0,0,0,0,0,0,TE,0.0,3.5,1.5040773967762742
2024-09-15,New York Jets,Tennessee Titans,chigoziem okonkwo,Tennessee Titans,0,0,0,3,16,0,0,0,0,TE,4.6,3.5,1.5040773967762742
2024-09-15,New York Jets,Tennessee Titans,josh whyle,Tennessee Titans,0,0,0,2,13,0,0,0,0,TE,3.3,8.3,2.2300144001592104
2024-09-15,Pittsburgh Steelers,Denver Broncos,pat freiermuth,Pittsburgh Steelers,0,0,0,4,39,0,0,0,0,TE,7.9,7.300000000000001,2.1162555148025524
2024-09-15,Pittsburgh Steelers,Denver Broncos,darnell washington,Pittsburgh Steelers,0,0,0,1,5,1,0,0,0,TE,7.5,5.1,1.8082887711792655
2024-09-15,Pittsburgh Steelers,Denver Broncos,greg dulcich,Denver Broncos,0,0,0,3,16,0,0,0,0,TE,4.6,0.0,0.0
2024-09-15,Pittsburgh Steelers,Denver Broncos,nate adkins,Denver Broncos,0,0,0,0,0,0,0,0,0,TE,0.0,1.6,0.9555114450274363
2024-09-15,San Francisco 49ers,Minnesota Vikings,george kittle,San Francisco 49ers,0,0,0,7,76,1,0,0,0,TE,20.6,14.5,2.740840023925201
2024-09-15,San Francisco 49ers,Minnesota Vikings,eric saubert,San Francisco 49ers,0,0,0,2,26,0,0,0,0,TE,4.6,6.1000000000000005,1.9600947840472698
2024-09-15,Seattle Seahawks,New England Patriots,noah fant,Seattle Seahawks,0,0,0,1,14,0,0,0,0,TE,2.4000000000000004,12.0,2.5649493574615367
2024-09-15,Seattle Seahawks,New England Patriots,hunter henry,New England Patriots,0,0,0,8,109,0,0,0,0,TE,18.9,2.9,1.3609765531356006
2024-09-15,Seattle Seahawks,New England Patriots,austin hooper,New England Patriots,0,0,0,1,5,0,0,0,0,TE,1.5,2.9000000000000004,1.3609765531356008
2024-09-15,Tampa Bay Buccaneers,Detroit Lions,cade otton,Tampa Bay Buccaneers,0,0,0,0,0,0,-4,0,0,TE,-0.4,9.7,2.3702437414678603
2024-09-15,Tampa Bay Buccaneers,Detroit Lions,sam laporta,Detroit Lions,0,0,0,2,13,0,0,0,0,TE,3.3,5.6,1.8870696490323797
2024-09-16,Atlanta Falcons,Philadelphia Eagles,kyle pitts,Atlanta Falcons,0,0,0,3,20,0,0,0,0,TE,5.0,7.9,2.186051276738094
2024-09-16,Atlanta Falcons,Philadelphia Eagles,dallas goedert,Philadelphia Eagles,0,0,0,3,38,0,0,0,0,TE,6.800000000000001,27.0,3.332204510175204
2024-09-16,Atlanta Falcons,Philadelphia Eagles,grant calcaterra,Philadelphia Eagles,0,0,0,2,19,0,0,0,0,TE,3.9000000000000004,3.6,1.5260563034950492
2024-09-19,New England Patriots,New York Jets,austin hooper,New England Patriots,0,0,0,1,19,0,0,0,0,TE,2.9000000000000004,9.3,2.33214389523559
2024-09-19,New England Patriots,New York Jets,hunter henry,New England Patriots,0,0,0,2,9,0,0,0,0,TE,2.9,3.2,1.4350845252893227
2024-09-19,New England Patriots,New York Jets,tyler conklin,New York Jets,0,0,0,5,93,0,0,0,0,TE,14.3,5.7,1.9021075263969205
2024-09-19,New England Patriots,New York Jets,jeremy ruckert,New York Jets,0,0,0,2,15,0,0,0,0,TE,3.5,3.0,1.3862943611198906
2024-09-22,Baltimore Ravens,Dallas Cowboys,charlie kolar,Baltimore Ravens,0,0,0,1,30,0,0,0,0,TE,4.0,15.600000000000001,2.8094026953624978
2024-09-22,Baltimore Ravens,Dallas Cowboys,isaiah likely,Baltimore Ravens,0,0,0,1,4,0,0,0,0,TE,1.4,3.6,1.5260563034950492
2024-09-22,Baltimore Ravens,Dallas Cowboys,mark andrews,Baltimore Ravens,0,0,0,0,0,0,0,0,0,TE,0.0,0.0,0.0
2024-09-22,Baltimore Ravens,Dallas Cowboys,jake ferguson,Dallas Cowboys,0,0,0,6,95,0,0,0,0,TE,15.5,11.9,2.5572273113676265
2024-09-22,Baltimore Ravens,Dallas Cowboys,luke schoonmaker,Dallas Cowboys,0,0,0,1,5,0,0,0,0,TE,1.5,1.8,1.0296194171811581
2024-09-22,Carolina Panthers,Las Vegas Raiders,tommy tremble,Carolina Panthers,0,0,0,3,29,0,0,0,0,TE,5.9,-0.2999999999999998,-0.3566749439387321
2024-09-22,Carolina Panthers,Las Vegas Raiders,ja'tavion sanders,Carolina Panthers,0,0,0,0,0,0,0,0,0,TE,0.0,3.6,1.5260563034950492
2024-09-22,Carolina Panthers,Las Vegas Raiders,brock bowers,Las Vegas Raiders,0,0,0,3,41,0,0,0,0,TE,7.1000000000000005,5.1000000000000005,1.8082887711792657
2024-09-22,Carolina Panthers,Las Vegas Raiders,michael mayer,Las Vegas Raiders,0,0,0,1,7,0,0,0,0,TE,1.7000000000000002,1.5,0.9162907318741551
2024-09-22,Chicago Bears,Indianapolis Colts,cole kmet,Chicago Bears,0,0,0,10,97,1,0,0,0,TE,25.700000000000003,6.4,2.0014800002101243
2024-09-22,Chicago Bears,Indianapolis Colts,gerald everett,Chicago Bears,0,0,0,0,0,0,0,0,0,TE,0.0,4.2,1.6486586255873816
2024-09-22,Chicago Bears,Indianapolis Colts,kylen granson,Indianapolis Colts,0,0,0,1,40,0,0,0,0,TE,5.0,0.0,0.0
2024-09-22,Chicago Bears,Indianapolis Colts,mo alie-cox,Indianapolis Colts,0,0,0,0,0,0,0,0,0,TE,0.0,11.7,2.5416019934645457
2024-09-22,Denver Broncos,Tampa Bay Buccaneers,adam trautman,Denver Broncos,0,0,0,1,13,0,0,0,0,TE,2.3,2.9000000000000004,1.3609765531356008
2024-09-22,Denver Broncos,Tampa Bay Buccaneers,nate adkins,Denver Broncos,0,0,0,1,6,0,0,0,0,TE,1.6,1.0,0.6931471805599453
2024-09-22,Denver Broncos,Tampa Bay Buccaneers,cade otton,Tampa Bay Buccaneers,0,0,0,7,47,0,0,0,1,TE,9.7,11.2,2.501435951739211
2024-09-22,Denver Broncos,Tampa Bay Buccaneers,payne durham,Tampa Bay Buccaneers,0,0,0,1,8,0,0,0,0,TE,1.8,3.6,1.5260563034950492
2024-09-22,Detroit Lions,Arizona Cardinals,sam laporta,Detroit Lions,0,0,0,2,36,0,0,0,0,TE,5.6,9.3,2.33214389523559
2024-09-22,Detroit Lions,Arizona Cardinals,brock wright,Detroit Lions,0,0,0,4,34,0,0,0,0,TE,7.4,3.3,1.4586150226995167
2024-09-22,Detroit Lions,Arizona Cardinals,trey mcbride,Arizona Cardinals,0,0,0,3,25,0,0,0,0,TE,5.5,11.3,2.509599262378372
2024-09-22,Detroit Lions,Arizona Cardinals,elijah higgins,Arizona Cardinals,0,0,0,1,11,0,0,0,0,TE,2.1,3.2,1.4350845252893227
2024-09-22,Green Bay Packers,Tennessee Titans,tucker kraft,Green Bay Packers,0,0,0,2,24,0,0,0,0,TE,4.4,15.3,2.791165107812717
2024-09-22,Green Bay Packers,Tennessee Titans,luke musgrave,Green Bay Packers,0,0,0,1,3,0,0,0,0,TE,1.3,4.3,1.667706820558076
2024-09-22,Green Bay Packers,Tennessee Titans,josh whyle,Tennessee Titans,0,0,0,4,43,0,0,0,0,TE,8.3,1.5,0.9162907318741551
2024-09-22,Green Bay Packers,Tennessee Titans,chigoziem okonkwo,Tennessee Titans,0,0,0,2,15,0,0,0,0,TE,3.5,1.5,0.9162907318741551
2024-09-22,Green Bay Packers,Tennessee Titans,nick vannett,Tennessee Titans,0,0,0,2,9,1,0,0,0,TE,8.9,6.5,2.0149030205422647
2024-09-22,Houston Texans,Minnesota Vikings,dalton schultz,Houston Texans,0,0,0,2,11,0,0,0,0,TE,3.1,6.4,2.0014800002101243
2024-09-22,Houston Texans,Minnesota Vikings,josh oliver,Minnesota Vikings,0,0,0,0,0,0,0,0,0,TE,0.0,9.0,2.302585092994046
2024-09-22,Kansas City Chiefs,Atlanta Falcons,travis kelce,Kansas City Chiefs,0,0,0,4,30,0,0,0,0,TE,7.0,15.9,2.8273136219290276
2024-09-22,Kansas City Chiefs,Atlanta Falcons,noah gray,Kansas City Chiefs,0,0,0,1,13,0,0,0,0,TE,2.3,8.0,2.1972245773362196
2024-09-22,Kansas City Chiefs,Atlanta Falcons,kyle pitts,Atlanta Falcons,0,0,0,2,59,0,0,0,0,TE,7.9,0.0,0.0
2024-09-22,Los Angeles Chargers,Pittsburgh Steelers,will dissly,Los Angeles Chargers,0,0,0,3,19,0,0,0,0,TE,4.9,4.4,1.6863989535702288
2024-09-22,Los Angeles Chargers,Pittsburgh Steelers,hayden hurst,Los Angeles Chargers,0,0,0,2,15,0,0,0,0,TE,3.5,1.6,0.9555114450274363
2024-09-22,Los Angeles Chargers,Pittsburgh Steelers,pat freiermuth,Pittsburgh Steelers,0,0,0,4,33,0,0,0,0,TE,7.300000000000001,16.7,2.8735646395797834
2024-09-22,Los Angeles Chargers,Pittsburgh Steelers,connor heyward,Pittsburgh Steelers,0,0,0,1,2,0,0,0,0,TE,1.2,10.3,2.424802725718295
2024-09-22,Miami Dolphins,Seattle Seahawks,julian hill,Miami Dolphins,0,0,0,2,24,0,0,0,0,TE,4.4,1.4,0.8754687373538999
2024-09-22,Miami Dolphins,Seattle Seahawks,jonnu smith,Miami Dolphins,0,0,0,2,18,0,0,0,0,TE,3.8,0.0,0.0
2024-09-22,Miami Dolphins,Seattle Seahawks,durham smythe,Miami Dolphins,0,0,0,1,3,0,0,0,0,TE,1.3,0.0,0.0
2024-09-22,Miami Dolphins,Seattle Seahawks,tanner conner,Miami Dolphins,0,0,0,1,1,0,0,0,0,TE,1.1,3.5,1.5040773967762742
2024-09-22,Miami Dolphins,Seattle Seahawks,noah fant,Seattle Seahawks,0,0,0,6,60,0,0,0,0,TE,12.0,4.6,1.7227665977411035
2024-09-22,Miami Dolphins,Seattle Seahawks,aj barner,Seattle Seahawks,0,0,0,3,13,0,0,0,0,TE,4.3,10.7,2.4595888418037104
2024-09-22,Miami Dolphins,Seattle Seahawks,pharaoh brown,Seattle Seahawks,0,0,0,1,9,0,0,0,0,TE,1.9,1.3,0.832909122935104
2024-09-22,New York Giants,Cleveland Browns,daniel bellinger,New York Giants,0,0,0,1,17,0,0,0,0,TE,2.7,2.1,1.1314021114911006
2024-09-22,New York Giants,Cleveland Browns,theo johnson,New York Giants,0,0,0,1,13,0,0,0,0,TE,2.3,1.6,0.9555114450274363
2024-09-22,New York Giants,Cleveland Browns,jordan akins,Cleveland Browns,0,0,0,4,29,0,0,0,0,TE,6.9,2.0,1.0986122886681098
2024-09-22,Philadelphia Eagles,New Orleans Saints,dallas goedert,Philadelphia Eagles,0,0,0,10,170,0,0,0,0,TE,27.0,13.2,2.653241964607215
2024-09-22,Philadelphia Eagles,New Orleans Saints,foster moreau,New Orleans Saints,0,0,0,1,2,0,0,0,0,TE,1.2,9.3,2.33214389523559
2024-09-22,San Francisco 49ers,Los Angeles Rams,eric saubert,San Francisco 49ers,0,0,0,2,41,0,0,0,0,TE,6.1000000000000005,1.7000000000000002,0.9932517730102834
2024-09-22,San Francisco 49ers,Los Angeles Rams,colby parkinson,Los Angeles Rams,0,0,0,3,21,0,0,0,0,TE,5.1,7.300000000000001,2.1162555148025524
2024-09-23,Jacksonville Jaguars,Buffalo Bills,brenton strange,Jacksonville Jaguars,0,0,0,2,12,1,0,0,0,TE,9.2,4.9,1.7749523509116738
2024-09-23,Jacksonville Jaguars,Buffalo Bills,josiah deguara,Jacksonville Jaguars,0,0,0,1,8,0,0,0,0,TE,1.8,1.2,0.7884573603642702
2024-09-23,Jacksonville Jaguars,Buffalo Bills,luke farrell,Jacksonville Jaguars,0,0,0,1,1,0,0,0,0,TE,1.1,0.0,0.0
2024-09-23,Jacksonville Jaguars,Buffalo Bills,dalton kincaid,Buffalo Bills,0,0,0,3,41,1,0,0,0,TE,13.100000000000001,9.7,2.3702437414678603
2024-09-23,Jacksonville Jaguars,Buffalo Bills,dawson knox,Buffalo Bills,0,0,0,1,7,0,0,0,0,TE,1.7000000000000002,1.0,0.6931471805599453
2024-09-23,Washington Commanders,Cincinnati Bengals,zach ertz,Washington Commanders,0,0,0,5,38,0,0,0,0,TE,8.8,5.2,1.824549292051046
2024-09-23,Washington Commanders,Cincinnati Bengals,mike gesicki,Cincinnati Bengals,0,0,0,4,47,0,0,0,0,TE,8.7,0.09999999999999998,0.09531017980432484
2024-09-23,Washington Commanders,Cincinnati Bengals,erick all,Cincinnati Bengals,0,0,0,4,22,0,0,0,0,TE,6.2,6.800000000000001,2.0541237336955462
2024-09-26,Dallas Cowboys,New York Giants,jake ferguson,Dallas Cowboys,0,0,0,7,49,0,0,0,0,TE,11.9,13.0,2.6390573296152584
2024-09-26,Dallas Cowboys,New York Giants,theo johnson,New York Giants,0,0,0,1,6,0,0,0,0,TE,1.6,9.8,2.379546134130174
2024-09-29,Buffalo Bills,Baltimore Ravens,dalton kincaid,Buffalo Bills,0,0,0,5,47,0,0,0,0,TE,9.7,5.4,1.8562979903656263
2024-09-29,Buffalo Bills,Baltimore Ravens,dawson knox,Buffalo Bills,0,0,0,1,0,0,0,0,0,TE,1.0,8.2,2.2192034840549946
2024-09-29,Buffalo Bills,Baltimore Ravens,isaiah likely,Baltimore Ravens,0,0,0,1,26,0,0,0,0,TE,3.6,16.3,2.8507065015037334
2024-09-29,Buffalo Bills,Baltimore Ravens,mark andrews,Baltimore Ravens,0,0,0,0,0,0,0,0,0,TE,0.0,9.5,2.3513752571634776
2024-09-29,Cincinnati Bengals,Carolina Panthers,erick all,Cincinnati Bengals,0,0,0,4,28,0,0,0,0,TE,6.800000000000001,3.0,1.3862943611198906
2024-09-29,Cincinnati Bengals,Carolina Panthers,drew sample,Cincinnati Bengals,0,0,0,1,0,0,0,0,0,TE,1.0,0.0,0.0
2024-09-29,Cincinnati Bengals,Carolina Panthers,mike gesicki,Cincinnati Bengals,0,0,0,1,-9,0,0,0,0,TE,0.09999999999999998,5.1,1.8082887711792655
2024-09-29,Cincinnati Bengals,Carolina Panthers,ja'tavion sanders,Carolina Panthers,0,0,0,2,16,0,0,0,0,TE,3.6,4.3,1.667706820558076
2024-09-29,Cleveland Browns,Las Vegas Raiders,blake whiteheart,Cleveland Browns,0,0,0,3,13,1,0,0,0,TE,10.3,3.9000000000000004,1.589235205116581
2024-09-29,Cleveland Browns,Las Vegas Raiders,jordan akins,Cleveland Browns,0,0,0,1,10,0,0,0,0,TE,2.0,11.2,2.501435951739211
2024-09-29,Cleveland Browns,Las Vegas Raiders,brock bowers,Las Vegas Raiders,0,0,0,2,19,0,12,0,0,TE,5.1000000000000005,23.700000000000003,3.2068032436339315
2024-09-29,Cleveland Browns,Las Vegas Raiders,harrison bryant,Las Vegas Raiders,0,0,0,2,21,0,0,0,0,TE,4.1,5.4,1.8562979903656263
2024-09-29,Denver Broncos,New York Jets,nate adkins,Denver Broncos,0,0,0,1,0,0,0,0,0,TE,1.0,1.8,1.0296194171811581
2024-09-29,Denver Broncos,New York Jets,tyler conklin,New York Jets,0,0,0,4,17,0,0,0,0,TE,5.7,11.5,2.5257286443082556
2024-09-29,Denver Broncos,New York Jets,jeremy ruckert,New York Jets,0,0,0,2,10,0,0,0,0,TE,3.0,2.7,1.308332819650179
2024-09-29,Jacksonville Jaguars,Houston Texans,brenton strange,Jacksonville Jaguars,0,0,0,3,19,0,0,0,0,TE,4.9,12.4,2.5952547069568657
2024-09-29,Jacksonville Jaguars,Houston Texans,luke farrell,Jacksonville Jaguars,0,0,0,0,0,0,0,0,0,TE,0.0,3.7,1.547562508716013
2024-09-29,Jacksonville Jaguars,Houston Texans,dalton schultz,Houston Texans,0,0,0,3,34,0,0,0,0,TE,6.4,7.4,2.128231705849268
2024-09-29,Jacksonville Jaguars,Houston Texans,cade stover,Houston Texans,0,0,0,1,27,0,0,0,0,TE,3.7,2.6,1.2809338454620642
2024-09-29,Kansas City Chiefs,Los Angeles Chargers,travis kelce,Kansas City Chiefs,0,0,0,7,89,0,0,0,0,TE,15.9,16.0,2.833213344056216
2024-09-29,Kansas City Chiefs,Los Angeles Chargers,noah gray,Kansas City Chiefs,0,0,0,4,40,0,0,0,0,TE,8.0,4.9,1.7749523509116738
2024-09-29,Kansas City Chiefs,Los Angeles Chargers,will dissly,Los Angeles Chargers,0,0,0,2,24,0,0,0,0,TE,4.4,6.6,2.028148247292285
2024-09-29,Kansas City Chiefs,Los Angeles Chargers,hayden hurst,Los Angeles Chargers,0,0,0,1,6,0,0,0,0,TE,1.6,1.6,0.9555114450274363
2024-09-29,Los Angeles Rams,Chicago Bears,colby parkinson,Los Angeles Rams,0,0,0,4,33,0,0,0,0,TE,7.300000000000001,12.2,2.580216829592325
2024-09-29,Los Angeles Rams,Chicago Bears,cole kmet,Chicago Bears,0,0,0,3,34,0,0,0,0,TE,6.4,8.7,2.272125885509337
2024-09-29,Minnesota Vikings,Green Bay Packers,josh oliver,Minnesota Vikings,0,0,0,2,10,1,0,0,0,TE,9.0,1.5,0.9162907318741551
2024-09-29,Minnesota Vikings,Green Bay Packers,tucker kraft,Green Bay Packers,0,0,0,6,53,1,0,0,1,TE,15.3,24.8,3.250374491927572
2024-09-29,New England Patriots,San Francisco 49ers,austin hooper,New England Patriots,0,0,0,2,13,1,0,0,0,TE,9.3,1.9,1.0647107369924282
2024-09-29,New England Patriots,San Francisco 49ers,hunter henry,New England Patriots,0,0,0,2,12,0,0,0,0,TE,3.2,5.2,1.824549292051046
2024-09-29,New England Patriots,San Francisco 49ers,george kittle,San Francisco 49ers,0,0,0,4,45,1,0,0,0,TE,14.5,20.4,3.0633909220278057
2024-09-29,New Orleans Saints,Atlanta Falcons,taysom hill,New Orleans Saints,0,0,0,0,0,0,24,2,0,TE,14.4,6.1,1.9600947840472698
2024-09-29,New Orleans Saints,Atlanta Falcons,juwan johnson,New Orleans Saints,0,0,0,2,13,0,0,0,0,TE,3.3,8.1,2.2082744135228043
2024-09-29,New Orleans Saints,Atlanta Falcons,kyle pitts,Atlanta Falcons,0,0,0,0,0,0,0,0,0,TE,0.0,15.8,2.8213788864092133
2024-09-29,Philadelphia Eagles,Tampa Bay Buccaneers,dallas goedert,Philadelphia Eagles,0,0,0,7,62,0,0,0,0,TE,13.2,0.0,0.0
2024-09-29,Philadelphia Eagles,Tampa Bay Buccaneers,grant calcaterra,Philadelphia Eagles,0,0,0,1,26,0,0,0,0,TE,3.6,10.7,2.4595888418037104
2024-09-29,Philadelphia Eagles,Tampa Bay Buccaneers,jack stoll,Philadelphia Eagles,0,0,0,1,4,0,0,0,0,TE,1.4,1.6,0.9555114450274363
2024-09-29,Philadelphia Eagles,Tampa Bay Buccaneers,cade otton,Tampa Bay Buccaneers,0,0,0,6,52,0,0,0,0,TE,11.2,7.4,2.128231705849268
2024-09-29,Pittsburgh Steelers,Indianapolis Colts,pat freiermuth,Pittsburgh Steelers,0,0,0,5,57,1,0,0,0,TE,16.7,9.2,2.322387720290225
2024-09-29,Pittsburgh Steelers,Indianapolis Colts,darnell washington,Pittsburgh Steelers,0,0,0,2,31,0,0,0,0,TE,5.1,1.5,0.9162907318741551
2024-09-29,Pittsburgh Steelers,Indianapolis Colts,andrew ogletree,Indianapolis Colts,0,0,0,1,15,1,0,0,0,TE,8.5,1.5,0.9162907318741551
2024-09-29,Washington Commanders,Arizona Cardinals,zach ertz,Washington Commanders,0,0,0,3,22,0,0,0,0,TE,5.2,3.0,1.3862943611198906
2024-09-29,Washington Commanders,Arizona Cardinals,john bates,Washington Commanders,0,0,0,1,9,0,0,0,0,TE,1.9,3.0,1.3862943611198906
2024-09-29,Washington Commanders,Arizona Cardinals,elijah higgins,Arizona Cardinals,0,0,0,2,12,0,0,0,0,TE,3.2,7.2,2.1041341542702074
2024-09-30,Seattle Seahawks,Detroit Lions,aj barner,Seattle Seahawks,0,0,0,2,27,1,0,0,0,TE,10.7,2.3,1.1939224684724346
2024-09-30,Seattle Seahawks,Detroit Lions,noah fant,Seattle Seahawks,0,0,0,2,26,0,0,0,0,TE,4.6,5.4,1.8562979903656263
2024-09-30,Seattle Seahawks,Detroit Lions,pharaoh brown,Seattle Seahawks,0,0,0,1,3,0,0,0,0,TE,1.3,1.7000000000000002,0.9932517730102834
2024-09-30,Seattle Seahawks,Detroit Lions,sam laporta,Detroit Lions,0,0,0,4,53,0,0,0,0,TE,9.3,12.2,2.580216829592325
2024-09-30,Seattle Seahawks,Detroit Lions,brock wright,Detroit Lions,0,0,0,2,13,0,0,0,0,TE,3.3,0.0,0.0
2024-09-30,Tennessee Titans,Miami Dolphins,chigoziem okonkwo,Tennessee Titans,0,0,0,1,5,0,0,0,0,TE,1.5,3.6,1.5260563034950492
2024-09-30,Tennessee Titans,Miami Dolphins,josh whyle,Tennessee Titans,0,0,0,1,5,0,0,0,0,TE,1.5,1.2,0.7884573603642702
2024-09-30,Tennessee Titans,Miami Dolphins,jonnu smith,Miami Dolphins,0,0,0,0,0,0,0,0,0,TE,0.0,11.100000000000001,2.4932054526026954
2024-10-03,Tampa Bay Buccaneers,Atlanta Falcons,cade otton,Tampa Bay Buccaneers,0,0,0,3,44,0,0,0,0,TE,7.4,9.5,2.3513752571634776
2024-10-03,Tampa Bay Buccaneers,Atlanta Falcons,kyle pitts,Atlanta Falcons,0,0,0,7,88,0,0,0,0,TE,15.8,10.0,2.3978952727983707
2024-10-06,Arizona Cardinals,San Francisco 49ers,trey mcbride,Arizona Cardinals,0,0,0,6,53,0,0,0,0,TE,11.3,17.6,2.9231615807191558
2024-10-06,Arizona Cardinals,San Francisco 49ers,tip reiman,Arizona Cardinals,0,0,0,1,5,0,0,0,0,TE,1.5,1.1,0.7419373447293773
2024-10-06,Arizona Cardinals,San Francisco 49ers,elijah higgins,Arizona Cardinals,0,0,0,1,2,1,0,0,0,TE,7.2,1.1,0.7419373447293773
2024-10-06,Arizona Cardinals,San Francisco 49ers,george kittle,San Francisco 49ers,0,0,0,8,64,1,0,0,0,TE,20.4,22.8,3.169685580677429
2024-10-06,Baltimore Ravens,Cincinnati Bengals,charlie kolar,Baltimore Ravens,0,0,0,3,64,1,2,0,0,TE,15.600000000000001,2.4000000000000004,1.2237754316221159
2024-10-06,Baltimore Ravens,Cincinnati Bengals,mark andrews,Baltimore Ravens,0,0,0,4,55,0,0,0,0,TE,9.5,15.600000000000001,2.8094026953624978
2024-10-06,Baltimore Ravens,Cincinnati Bengals,isaiah likely,Baltimore Ravens,0,0,0,3,13,2,0,0,0,TE,16.3,4.7,1.7404661748405046
2024-10-06,Baltimore Ravens,Cincinnati Bengals,mike gesicki,Cincinnati Bengals,0,0,0,2,31,0,0,0,0,TE,5.1,1.2,0.7884573603642702
2024-10-06,Baltimore Ravens,Cincinnati Bengals,erick all,Cincinnati Bengals,0,0,0,2,10,0,0,0,0,TE,3.0,3.0,1.3862943611198906
2024-10-06,Buffalo Bills,Houston Texans,dalton kincaid,Buffalo Bills,0,0,0,2,34,0,0,0,0,TE,5.4,11.100000000000001,2.4932054526026954
2024-10-06,Buffalo Bills,Houston Texans,dalton schultz,Houston Texans,0,0,0,4,34,0,0,0,0,TE,7.4,6.7,2.0412203288596382
2024-10-06,Buffalo Bills,Houston Texans,cade stover,Houston Texans,0,0,0,2,6,0,0,0,0,TE,2.6,0.0,0.0
2024-10-06,Carolina Panthers,Chicago Bears,ja'tavion sanders,Carolina Panthers,0,0,0,3,13,0,0,0,0,TE,4.3,9.9,2.388762789235098
2024-10-06,Carolina Panthers,Chicago Bears,tommy tremble,Carolina Panthers,0,0,0,1,7,0,0,0,1,TE,-0.2999999999999998,3.3,1.4586150226995167
2024-10-06,Carolina Panthers,Chicago Bears,cole kmet,Chicago Bears,0,0,0,3,57,0,0,0,0,TE,8.7,24.0,3.2188758248682006
2024-10-06,Carolina Panthers,Chicago Bears,gerald everett,Chicago Bears,0,0,0,2,22,0,0,0,0,TE,4.2,0.0,0.0
2024-10-06,Cleveland Browns,Washington Commanders,jordan akins,Cleveland Browns,0,0,0,3,22,1,0,0,0,TE,11.2,8.2,2.2192034840549946
2024-10-06,Cleveland Browns,Washington Commanders,david njoku,Cleveland Browns,0,0,0,1,14,0,0,0,0,TE,2.4000000000000004,8.1,2.2082744135228043
2024-10-06,Cleveland Browns,Washington Commanders,zach ertz,Washington Commanders,0,0,0,2,10,0,0,0,0,TE,3.0,10.8,2.468099531471619
2024-10-06,Dallas Cowboys,Pittsburgh Steelers,jake ferguson,Dallas Cowboys,0,0,0,6,70,0,0,0,0,TE,13.0,4.1,1.62924053973028
2024-10-06,Dallas Cowboys,Pittsburgh Steelers,brevyn spann-ford,Dallas Cowboys,0,0,0,2,20,0,0,0,0,TE,4.0,0.0,0.0
2024-10-06,Dallas Cowboys,Pittsburgh Steelers,luke schoonmaker,Dallas Cowboys,0,0,0,1,8,0,0,0,0,TE,1.8,0.0,0.0
2024-10-06,Dallas Cowboys,Pittsburgh Steelers,connor heyward,Pittsburgh Steelers,0,0,0,2,23,1,0,0,0,TE,10.3,1.4,0.8754687373538999
2024-10-06,Dallas Cowboys,Pittsburgh Steelers,pat freiermuth,Pittsburgh Steelers,0,0,0,3,22,1,0,0,1,TE,9.2,3.6,1.5260563034950492
2024-10-06,Dallas Cowboys,Pittsburgh Steelers,darnell washington,Pittsburgh Steelers,0,0,0,1,5,0,0,0,0,TE,1.5,1.9,1.0647107369924282
2024-10-06,Green Bay Packers,Los Angeles Rams,tucker kraft,Green Bay Packers,0,0,0,4,88,2,0,0,0,TE,24.8,3.5,1.5040773967762742
2024-10-06,Green Bay Packers,Los Angeles Rams,colby parkinson,Los Angeles Rams,0,0,0,7,52,0,0,0,0,TE,12.2,5.2,1.824549292051046
2024-10-06,Green Bay Packers,Los Angeles Rams,hunter long,Los Angeles Rams,0,0,0,2,16,0,0,0,0,TE,3.6,1.5,0.9162907318741551
2024-10-06,Green Bay Packers,Los Angeles Rams,davis allen,Los Angeles Rams,0,0,0,0,0,0,0,0,0,TE,0.0,1.5,0.9162907318741551
2024-10-06,Indianapolis Colts,Jacksonville Jaguars,mo alie-cox,Indianapolis Colts,0,0,0,2,37,1,0,0,0,TE,11.7,8.100000000000001,2.2082744135228043
2024-10-06,Indianapolis Colts,Jacksonville Jaguars,will mallory,Indianapolis Colts,0,0,0,1,7,0,0,0,0,TE,1.7000000000000002,0.0,0.0
2024-10-06,Indianapolis Colts,Jacksonville Jaguars,andrew ogletree,Indianapolis Colts,0,0,0,1,5,0,0,0,0,TE,1.5,4.4,1.6863989535702288
2024-10-06,Indianapolis Colts,Jacksonville Jaguars,brenton strange,Jacksonville Jaguars,0,0,0,4,24,1,0,0,0,TE,12.4,2.1,1.1314021114911006
2024-10-06,Indianapolis Colts,Jacksonville Jaguars,luke farrell,Jacksonville Jaguars,0,0,0,2,17,0,0,0,0,TE,3.7,1.5,0.9162907318741551
2024-10-06,Las Vegas Raiders,Denver Broncos,brock bowers,Las Vegas Raiders,0,0,0,8,97,1,0,0,0,TE,23.700000000000003,16.1,2.8390784635086144
2024-10-06,Las Vegas Raiders,Denver Broncos,adam trautman,Denver Broncos,0,0,0,1,19,0,0,0,0,TE,2.9000000000000004,0.0,0.0
2024-10-06,Las Vegas Raiders,Denver Broncos,nate adkins,Denver Broncos,0,0,0,1,8,0,0,0,0,TE,1.8,1.5,0.9162907318741551
2024-10-06,Las Vegas Raiders,Denver Broncos,lucas krull,Denver Broncos,0,0,0,1,5,0,0,0,0,TE,1.5,3.1,1.410986973710262
2024-10-06,Miami Dolphins,New England Patriots,durham smythe,Miami Dolphins,0,0,0,0,0,0,0,0,0,TE,0.0,1.4,0.8754687373538999
2024-10-06,Miami Dolphins,New England Patriots,jonnu smith,Miami Dolphins,0,0,0,5,62,0,-1,0,0,TE,11.100000000000001,22.6,3.1612467120315646
2024-10-06,Miami Dolphins,New England Patriots,hunter henry,New England Patriots,0,0,0,2,32,0,0,0,0,TE,5.2,13.100000000000001,2.6461747973841225
2024-10-06,Miami Dolphins,New England Patriots,austin hooper,New England Patriots,0,0,0,1,9,0,0,0,0,TE,1.9,-0.5,-0.6931471805599453
2024-10-06,New York Giants,Seattle Seahawks,theo johnson,New York Giants,0,0,0,5,48,0,0,0,0,TE,9.8,6.0,1.9459101490553132
2024-10-06,New York Giants,Seattle Seahawks,noah fant,Seattle Seahawks,0,0,0,3,24,0,0,0,0,TE,5.4,12.3,2.5877640352277083
2024-10-06,New York Giants,Seattle Seahawks,aj barner,Seattle Seahawks,0,0,0,1,13,0,0,0,0,TE,2.3,2.3,1.1939224684724346
2024-10-06,New York Giants,Seattle Seahawks,pharaoh brown,Seattle Seahawks,0,0,0,1,7,0,0,0,0,TE,1.7000000000000002,3.9000000000000004,1.589235205116581
2024-10-06,New York Jets,Minnesota Vikings,tyler conklin,New York Jets,0,0,0,6,55,0,0,0,0,TE,11.5,3.0,1.3862943611198906
2024-10-07,New Orleans Saints,Kansas City Chiefs,juwan johnson,New Orleans Saints,0,0,0,5,31,0,0,0,0,TE,8.1,7.800000000000001,2.174751721484161
2024-10-07,New Orleans Saints,Kansas City Chiefs,foster moreau,New Orleans Saints,0,0,0,2,13,1,0,0,0,TE,9.3,7.4,2.128231705849268
2024-10-07,New Orleans Saints,Kansas City Chiefs,travis kelce,Kansas City Chiefs,0,0,0,9,70,0,0,0,0,TE,16.0,5.7,1.9021075263969205
2024-10-07,New Orleans Saints,Kansas City Chiefs,noah gray,Kansas City Chiefs,0,0,0,2,29,0,0,0,0,TE,4.9,10.600000000000001,2.451005098112319
2024-10-10,San Francisco 49ers,Seattle Seahawks,george kittle,San Francisco 49ers,0,0,0,5,58,2,0,0,0,TE,22.8,15.200000000000001,2.7850112422383386
2024-10-10,San Francisco 49ers,Seattle Seahawks,noah fant,Seattle Seahawks,0,0,0,6,63,0,0,0,0,TE,12.3,10.5,2.4423470353692043
2024-10-10,San Francisco 49ers,Seattle Seahawks,aj barner,Seattle Seahawks,0,0,0,1,13,0,0,0,0,TE,2.3,1.5,0.9162907318741551
2024-10-13,Arizona Cardinals,Green Bay Packers,trey mcbride,Arizona Cardinals,0,0,0,8,96,0,0,0,0,TE,17.6,10.100000000000001,2.4069451083182885
2024-10-13,Arizona Cardinals,Green Bay Packers,tucker kraft,Green Bay Packers,0,0,0,2,13,0,2,0,0,TE,3.5,12.3,2.5877640352277083
2024-10-13,Arizona Cardinals,Green Bay Packers,ben sims,Green Bay Packers,0,0,0,2,38,0,0,0,0,TE,5.800000000000001,1.2,0.7884573603642702
2024-10-13,Atlanta Falcons,Carolina Panthers,kyle pitts,Atlanta Falcons,0,0,0,3,70,0,0,0,0,TE,10.0,13.5,2.6741486494265287
2024-10-13,Atlanta Falcons,Carolina Panthers,ja'tavion sanders,Carolina Panthers,0,0,0,5,49,0,0,0,0,TE,9.9,12.100000000000001,2.572612230207106
2024-10-13,Atlanta Falcons,Carolina Panthers,ian thomas,Carolina Panthers,0,0,0,0,0,0,0,0,0,TE,0.0,2.4,1.2237754316221157
2024-10-13,Cincinnati Bengals,New York Giants,erick all,Cincinnati Bengals,0,0,0,2,10,0,0,0,0,TE,3.0,0.0,0.0
2024-10-13,Cincinnati Bengals,New York Giants,theo johnson,New York Giants,0,0,0,3,30,0,0,0,0,TE,6.0,6.5,2.0149030205422647
2024-10-13,Cleveland Browns,Philadelphia Eagles,david njoku,Cleveland Browns,0,0,0,5,31,0,0,0,0,TE,8.1,23.6,3.202746442938317
2024-10-13,Cleveland Browns,Philadelphia Eagles,grant calcaterra,Philadelphia Eagles,0,0,0,4,67,0,0,0,0,TE,10.7,1.5,0.9162907318741551
2024-10-13,Cleveland Browns,Philadelphia Eagles,dallas goedert,Philadelphia Eagles,0,0,0,0,0,0,0,0,0,TE,0.0,10.5,2.4423470353692043
2024-10-13,Detroit Lions,Dallas Cowboys,sam laporta,Detroit Lions,0,0,0,1,52,1,0,0,0,TE,12.2,3.5,1.5040773967762742
2024-10-13,Detroit Lions,Dallas Cowboys,brock wright,Detroit Lions,0,0,0,0,0,0,0,0,0,TE,0.0,7.8,2.174751721484161
2024-10-13,Detroit Lions,Dallas Cowboys,jake ferguson,Dallas Cowboys,0,0,0,3,11,0,0,0,0,TE,4.1,8.3,2.2300144001592104
2024-10-13,Houston Texans,New England Patriots,dalton schultz,Houston Texans,0,0,0,4,27,0,0,0,0,TE,6.7,3.8000000000000003,1.5686159179138455
2024-10-13,Houston Texans,New England Patriots,cade stover,Houston Texans,0,0,0,0,0,0,0,0,0,TE,0.0,2.5,1.252762968495368
2024-10-13,Houston Texans,New England Patriots,hunter henry,New England Patriots,0,0,0,3,41,1,0,0,0,TE,13.100000000000001,17.200000000000003,2.9014215940827497
2024-10-13,Houston Texans,New England Patriots,austin hooper,New England Patriots,0,0,0,1,5,0,0,0,1,TE,-0.5,7.2,2.1041341542702074
2024-10-13,Indianapolis Colts,Tennessee Titans,mo alie-cox,Indianapolis Colts,0,0,0,4,41,0,0,0,0,TE,8.100000000000001,0.0,0.0
2024-10-13,Indianapolis Colts,Tennessee Titans,andrew ogletree,Indianapolis Colts,0,0,0,2,24,0,0,0,0,TE,4.4,0.0,0.0
2024-10-13,Indianapolis Colts,Tennessee Titans,kylen granson,Indianapolis Colts,0,0,0,0,0,0,0,0,0,TE,0.0,0.0,0.0
2024-10-13,Indianapolis Colts,Tennessee Titans,will mallory,Indianapolis Colts,0,0,0,0,0,0,0,0,0,TE,0.0,1.5,0.9162907318741551
2024-10-13,Indianapolis Colts,Tennessee Titans,chigoziem okonkwo,Tennessee Titans,0,0,0,3,6,0,0,0,0,TE,3.6,9.0,2.302585092994046
2024-10-13,Indianapolis Colts,Tennessee Titans,josh whyle,Tennessee Titans,0,0,0,1,2,0,0,0,0,TE,1.2,6.4,2.0014800002101243
2024-10-13,Jacksonville Jaguars,Chicago Bears,evan engram,Jacksonville Jaguars,0,0,0,10,102,0,0,0,1,TE,18.200000000000003,8.5,2.2512917986064953
2024-10-13,Jacksonville Jaguars,Chicago Bears,brenton strange,Jacksonville Jaguars,0,0,0,1,11,0,0,0,0,TE,2.1,10.9,2.4765384001174837
2024-10-13,Jacksonville Jaguars,Chicago Bears,cole kmet,Chicago Bears,0,0,0,5,70,2,0,0,0,TE,24.0,2.4000000000000004,1.2237754316221159
2024-10-13,Jacksonville Jaguars,Chicago Bears,marcedes lewis,Chicago Bears,0,0,0,1,2,0,0,0,0,TE,1.2,0.0,0.0
2024-10-13,Jacksonville Jaguars,Chicago Bears,gerald everett,Chicago Bears,0,0,0,0,0,0,0,0,0,TE,0.0,1.3,0.832909122935104
2024-10-13,Los Angeles Chargers,Denver Broncos,will dissly,Los Angeles Chargers,0,0,0,4,26,0,0,0,0,TE,6.6,16.1,2.8390784635086144
2024-10-13,Los Angeles Chargers,Denver Broncos,stone smartt,Los Angeles Chargers,0,0,0,1,10,0,0,0,0,TE,2.0,4.1,1.62924053973028
2024-10-13,Los Angeles Chargers,Denver Broncos,lucas krull,Denver Broncos,0,0,0,2,11,0,0,0,0,TE,3.1,7.1000000000000005,2.0918640616783932
2024-10-13,Los Angeles Chargers,Denver Broncos,nate adkins,Denver Broncos,0,0,0,1,5,0,0,0,0,TE,1.5,7.3,2.1162555148025524
2024-10-13,Pittsburgh Steelers,Las Vegas Raiders,pat freiermuth,Pittsburgh Steelers,0,0,0,2,16,0,0,0,0,TE,3.6,7.1000000000000005,2.0918640616783932
2024-10-13,Pittsburgh Steelers,Las Vegas Raiders,darnell washington,Pittsburgh Steelers,0,0,0,1,9,0,0,0,0,TE,1.9,7.6,2.151762203259462
2024-10-13,Pittsburgh Steelers,Las Vegas Raiders,brock bowers,Las Vegas Raiders,0,0,0,9,71,0,0,0,0,TE,16.1,19.3,3.0106208860477417
2024-10-13,Pittsburgh Steelers,Las Vegas Raiders,harrison bryant,Las Vegas Raiders,0,0,0,3,24,0,0,0,0,TE,5.4,3.9000000000000004,1.589235205116581
2024-10-13,Tampa Bay Buccaneers,New Orleans Saints,cade otton,Tampa Bay Buccaneers,0,0,0,2,15,1,0,0,0,TE,9.5,18.0,2.9444389791664403
2024-10-13,Tampa Bay Buccaneers,New Orleans Saints,foster moreau,New Orleans Saints,0,0,0,2,54,0,0,0,0,TE,7.4,5.800000000000001,1.916922612182061
2024-10-13,Tampa Bay Buccaneers,New Orleans Saints,juwan johnson,New Orleans Saints,0,0,0,3,48,0,0,0,0,TE,7.800000000000001,4.8,1.7578579175523736
2024-10-13,Washington Commanders,Baltimore Ravens,zach ertz,Washington Commanders,0,0,0,4,68,0,0,0,0,TE,10.8,14.0,2.70805020110221
2024-10-13,Washington Commanders,Baltimore Ravens,mark andrews,Baltimore Ravens,0,0,0,3,66,1,0,0,0,TE,15.600000000000001,20.1,3.0492730404820207
2024-10-13,Washington Commanders,Baltimore Ravens,isaiah likely,Baltimore Ravens,0,0,0,2,27,0,0,0,0,TE,4.7,3.7,1.547562508716013
2024-10-14,Buffalo Bills,New York Jets,dalton kincaid,Buffalo Bills,0,0,0,6,51,0,0,0,0,TE,11.100000000000001,8.2,2.2192034840549946
2024-10-14,Buffalo Bills,New York Jets,dawson knox,Buffalo Bills,0,0,0,1,12,1,0,0,0,TE,8.2,1.5,0.9162907318741551
2024-10-14,Buffalo Bills,New York Jets,tyler conklin,New York Jets,0,0,0,2,10,0,0,0,0,TE,3.0,10.7,2.4595888418037104
2024-10-14,Buffalo Bills,New York Jets,jeremy ruckert,New York Jets,0,0,0,2,7,0,0,0,0,TE,2.7,4.4,1.6863989535702288
2024-10-17,Denver Broncos,New Orleans Saints,lucas krull,Denver Broncos,0,0,0,3,41,0,0,0,0,TE,7.1000000000000005,3.8,1.5686159179138452
2024-10-17,Denver Broncos,New Orleans Saints,adam trautman,Denver Broncos,0,0,0,0,0,0,0,0,0,TE,0.0,18.5,2.970414465569701
2024-10-17,Denver Broncos,New Orleans Saints,foster moreau,New Orleans Saints,0,0,0,2,38,0,0,0,0,TE,5.800000000000001,0.0,0.0
2024-10-17,Denver Broncos,New Orleans Saints,juwan johnson,New Orleans Saints,0,0,0,3,18,0,0,0,0,TE,4.8,7.800000000000001,2.174751721484161
2024-10-20,Carolina Panthers,Washington Commanders,ja'tavion sanders,Carolina Panthers,0,0,0,6,61,0,0,0,0,TE,12.100000000000001,1.7000000000000002,0.9932517730102834
2024-10-20,Carolina Panthers,Washington Commanders,ian thomas,Carolina Panthers,0,0,0,2,4,0,0,0,0,TE,2.4,1.3,0.832909122935104
2024-10-20,Carolina Panthers,Washington Commanders,zach ertz,Washington Commanders,0,0,0,4,40,1,0,0,0,TE,14.0,14.7,2.7536607123542622
2024-10-20,Carolina Panthers,Washington Commanders,ben sinnott,Washington Commanders,0,0,0,2,6,1,0,0,0,TE,8.6,2.2,1.1631508098056809
2024-10-20,Cincinnati Bengals,Cleveland Browns,mike gesicki,Cincinnati Bengals,0,0,0,1,2,0,0,0,0,TE,1.2,12.3,2.5877640352277083
2024-10-20,Cincinnati Bengals,Cleveland Browns,erick all,Cincinnati Bengals,0,0,0,0,0,0,0,0,0,TE,0.0,5.2,1.824549292051046
2024-10-20,Cincinnati Bengals,Cleveland Browns,drew sample,Cincinnati Bengals,0,0,0,0,0,0,0,0,0,TE,0.0,11.4,2.517696472610991
2024-10-20,Cincinnati Bengals,Cleveland Browns,tanner hudson,Cincinnati Bengals,0,0,0,0,0,0,0,0,0,TE,0.0,3.4000000000000004,1.4816045409242156
2024-10-20,Cincinnati Bengals,Cleveland Browns,david njoku,Cleveland Browns,0,0,0,10,76,1,0,0,0,TE,23.6,17.1,2.89591193827178
2024-10-20,Cincinnati Bengals,Cleveland Browns,jordan akins,Cleveland Browns,0,0,0,4,42,0,0,0,0,TE,8.2,0.0,0.0
2024-10-20,Detroit Lions,Minnesota Vikings,sam laporta,Detroit Lions,0,0,0,1,25,0,0,0,0,TE,3.5,16.8,2.8791984572980396
2024-10-20,Detroit Lions,Minnesota Vikings,josh oliver,Minnesota Vikings,0,0,0,1,5,0,0,0,0,TE,1.5,11.0,2.4849066497880004
2024-10-20,Houston Texans,Green Bay Packers,dalton schultz,Houston Texans,0,0,0,1,28,0,0,0,0,TE,3.8000000000000003,9.2,2.322387720290225
2024-10-20,Houston Texans,Green Bay Packers,cade stover,Houston Texans,0,0,0,1,15,0,0,0,0,TE,2.5,3.9000000000000004,1.589235205116581
2024-10-20,Houston Texans,Green Bay Packers,tucker kraft,Green Bay Packers,0,0,0,3,33,1,0,0,0,TE,12.3,16.8,2.8791984572980396
2024-10-20,Houston Texans,Green Bay Packers,ben sims,Green Bay Packers,0,0,0,1,2,0,0,0,0,TE,1.2,0.0,0.0
2024-10-20,Kansas City Chiefs,San Francisco 49ers,noah gray,Kansas City Chiefs,0,0,0,4,66,0,0,0,0,TE,10.600000000000001,5.300000000000001,1.8405496333974871
2024-10-20,Kansas City Chiefs,San Francisco 49ers,travis kelce,Kansas City Chiefs,0,0,0,4,17,0,0,0,0,TE,5.7,25.0,3.258096538021482
2024-10-20,Kansas City Chiefs,San Francisco 49ers,george kittle,San Francisco 49ers,0,0,0,6,92,0,0,0,0,TE,15.200000000000001,24.8,3.250374491927572
2024-10-20,Las Vegas Raiders,Los Angeles Rams,brock bowers,Las Vegas Raiders,0,0,0,10,93,0,0,0,0,TE,19.3,10.8,2.468099531471619
2024-10-20,Las Vegas Raiders,Los Angeles Rams,harrison bryant,Las Vegas Raiders,0,0,0,2,19,0,0,0,0,TE,3.9000000000000004,4.2,1.6486586255873816
2024-10-20,Las Vegas Raiders,Los Angeles Rams,colby parkinson,Los Angeles Rams,0,0,0,2,32,0,0,0,0,TE,5.2,3.7,1.547562508716013
2024-10-20,Las Vegas Raiders,Los Angeles Rams,hunter long,Los Angeles Rams,0,0,0,1,5,0,0,0,0,TE,1.5,2.8,1.33500106673234
2024-10-20,Miami Dolphins,Indianapolis Colts,jonnu smith,Miami Dolphins,0,0,0,7,96,1,0,0,0,TE,22.6,6.0,1.9459101490553132
2024-10-20,Miami Dolphins,Indianapolis Colts,julian hill,Miami Dolphins,0,0,0,1,4,0,0,0,0,TE,1.4,4.1,1.62924053973028
2024-10-20,Miami Dolphins,Indianapolis Colts,will mallory,Indianapolis Colts,0,0,0,1,5,0,0,0,0,TE,1.5,0.0,0.0
2024-10-20,Miami Dolphins,Indianapolis Colts,andrew ogletree,Indianapolis Colts,0,0,0,0,0,0,0,0,0,TE,0.0,1.2,0.7884573603642702
2024-10-20,Miami Dolphins,Indianapolis Colts,kylen granson,Indianapolis Colts,0,0,0,0,0,0,0,0,0,TE,0.0,1.4,0.8754687373538999
2024-10-20,Miami Dolphins,Indianapolis Colts,mo alie-cox,Indianapolis Colts,0,0,0,0,0,0,0,0,0,TE,0.0,0.0,0.0
2024-10-20,New England Patriots,Jacksonville Jaguars,hunter henry,New England Patriots,0,0,0,8,92,0,0,0,0,TE,17.200000000000003,9.5,2.3513752571634776
2024-10-20,New England Patriots,Jacksonville Jaguars,austin hooper,New England Patriots,0,0,0,4,32,0,0,0,0,TE,7.2,4.5,1.7047480922384253
2024-10-20,New England Patriots,Jacksonville Jaguars,evan engram,Jacksonville Jaguars,0,0,0,5,35,0,0,0,0,TE,8.5,13.6,2.681021528714291
2024-10-20,New York Jets,Pittsburgh Steelers,tyler conklin,New York Jets,0,0,0,4,7,1,0,0,0,TE,10.7,13.2,2.653241964607215
2024-10-20,New York Jets,Pittsburgh Steelers,pat freiermuth,Pittsburgh Steelers,0,0,0,2,51,0,0,0,0,TE,7.1000000000000005,3.9000000000000004,1.589235205116581
2024-10-20,New York Jets,Pittsburgh Steelers,darnell washington,Pittsburgh Steelers,0,0,0,4,36,0,0,0,0,TE,7.6,3.9000000000000004,1.589235205116581
2024-10-20,Philadelphia Eagles,New York Giants,grant calcaterra,Philadelphia Eagles,0,0,0,1,5,0,0,0,0,TE,1.5,8.8,2.2823823856765264
2024-10-20,Seattle Seahawks,Atlanta Falcons,noah fant,Seattle Seahawks,0,0,0,4,65,0,0,0,0,TE,10.5,5.2,1.824549292051046
2024-10-20,Seattle Seahawks,Atlanta Falcons,aj barner,Seattle Seahawks,0,0,0,1,5,0,0,0,0,TE,1.5,5.4,1.8562979903656263
2024-10-20,Seattle Seahawks,Atlanta Falcons,kyle pitts,Atlanta Falcons,0,0,0,7,65,0,0,0,0,TE,13.5,25.1,3.261935314328648
2024-10-20,Tennessee Titans,Buffalo Bills,chigoziem okonkwo,Tennessee Titans,0,0,0,4,50,0,0,0,0,TE,9.0,1.4000000000000004,0.8754687373539001
2024-10-20,Tennessee Titans,Buffalo Bills,josh whyle,Tennessee Titans,0,0,0,3,34,0,0,0,0,TE,6.4,5.300000000000001,1.8405496333974871
2024-10-20,Tennessee Titans,Buffalo Bills,nick vannett,Tennessee Titans,0,0,0,4,25,0,0,0,0,TE,6.5,0.0,0.0
2024-10-20,Tennessee Titans,Buffalo Bills,dalton kincaid,Buffalo Bills,0,0,0,3,52,0,0,0,0,TE,8.2,13.1,2.6461747973841225
2024-10-20,Tennessee Titans,Buffalo Bills,dawson knox,Buffalo Bills,0,0,0,1,5,0,0,0,0,TE,1.5,7.0,2.0794415416798357
2024-10-21,Baltimore Ravens,Tampa Bay Buccaneers,mark andrews,Baltimore Ravens,0,0,0,4,41,2,0,0,0,TE,20.1,14.6,2.747270914255491
2024-10-21,Baltimore Ravens,Tampa Bay Buccaneers,isaiah likely,Baltimore Ravens,0,0,0,2,17,0,0,0,0,TE,3.7,8.7,2.272125885509337
2024-10-21,Baltimore Ravens,Tampa Bay Buccaneers,charlie kolar,Baltimore Ravens,0,0,0,1,14,0,0,0,0,TE,2.4000000000000004,1.9,1.0647107369924282
2024-10-21,Baltimore Ravens,Tampa Bay Buccaneers,cade otton,Tampa Bay Buccaneers,0,0,0,8,100,0,0,0,0,TE,18.0,29.1,3.40452517175483
2024-10-21,Los Angeles Chargers,Arizona Cardinals,will dissly,Los Angeles Chargers,0,0,0,8,81,0,0,0,0,TE,16.1,9.100000000000001,2.312535423847214
2024-10-21,Los Angeles Chargers,Arizona Cardinals,eric tomlinson,Los Angeles Chargers,0,0,0,1,7,0,0,0,0,TE,1.7000000000000002,0.0,0.0
2024-10-21,Los Angeles Chargers,Arizona Cardinals,trey mcbride,Arizona Cardinals,0,0,0,5,51,0,0,0,0,TE,10.100000000000001,21.4,3.109060958860994
2024-10-21,Los Angeles Chargers,Arizona Cardinals,elijah higgins,Arizona Cardinals,0,0,0,1,1,0,0,0,0,TE,1.1,3.3,1.4586150226995167
2024-10-24,Minnesota Vikings,Los Angeles Rams,josh oliver,Minnesota Vikings,0,0,0,2,30,1,0,0,0,TE,11.0,16.8,2.8791984572980396
2024-10-24,Minnesota Vikings,Los Angeles Rams,hunter long,Los Angeles Rams,0,0,0,1,18,0,0,0,0,TE,2.8,1.4,0.8754687373538999
2024-10-24,Minnesota Vikings,Los Angeles Rams,colby parkinson,Los Angeles Rams,0,0,0,2,17,0,0,0,0,TE,3.7,8.9,2.2925347571405443
2024-10-27,Arizona Cardinals,Miami Dolphins,trey mcbride,Arizona Cardinals,0,0,0,9,124,0,0,0,0,TE,21.4,12.7,2.617395832834079
2024-10-27,Arizona Cardinals,Miami Dolphins,elijah higgins,Arizona Cardinals,0,0,0,2,13,0,0,0,0,TE,3.3,5.4,1.8562979903656263
2024-10-27,Arizona Cardinals,Miami Dolphins,jonnu smith,Miami Dolphins,0,0,0,4,20,0,0,0,0,TE,6.0,9.600000000000001,2.3608540011180215
2024-10-27,Arizona Cardinals,Miami Dolphins,julian hill,Miami Dolphins,0,0,0,3,11,0,0,0,0,TE,4.1,0.0,0.0
2024-10-27,Atlanta Falcons,Tampa Bay Buccaneers,kyle pitts,Atlanta Falcons,0,0,0,4,91,2,0,0,0,TE,25.1,2.1,1.1314021114911006
2024-10-27,Atlanta Falcons,Tampa Bay Buccaneers,charlie woerner,Atlanta Falcons,0,0,0,1,13,0,0,0,0,TE,2.3,0.0,0.0
2024-10-27,Atlanta Falcons,Tampa Bay Buccaneers,cade otton,Tampa Bay Buccaneers,0,0,0,9,81,2,0,0,0,TE,29.1,21.7,3.122364924487357
2024-10-27,Baltimore Ravens,Cleveland Browns,isaiah likely,Baltimore Ravens,0,0,0,4,47,0,0,0,0,TE,8.7,0.0,0.0
2024-10-27,Baltimore Ravens,Cleveland Browns,mark andrews,Baltimore Ravens,0,0,0,5,36,1,0,0,0,TE,14.6,4.6,1.7227665977411035
2024-10-27,Baltimore Ravens,Cleveland Browns,charlie kolar,Baltimore Ravens,0,0,0,1,9,0,0,0,0,TE,1.9,1.4,0.8754687373538999
2024-10-27,Baltimore Ravens,Cleveland Browns,david njoku,Cleveland Browns,0,0,0,5,61,1,0,0,0,TE,17.1,7.9,2.186051276738094
2024-10-27,Baltimore Ravens,Cleveland Browns,jordan akins,Cleveland Browns,0,0,0,0,0,0,0,0,0,TE,0.0,6.2,1.9740810260220096
2024-10-27,Buffalo Bills,Seattle Seahawks,dawson knox,Buffalo Bills,0,0,0,2,50,0,0,0,0,TE,7.0,1.5,0.9162907318741551
2024-10-27,Buffalo Bills,Seattle Seahawks,dalton kincaid,Buffalo Bills,0,0,0,4,31,1,0,0,0,TE,13.1,7.2,2.1041341542702074
2024-10-27,Buffalo Bills,Seattle Seahawks,aj barner,Seattle Seahawks,0,0,0,2,34,0,0,0,0,TE,5.4,6.7,2.0412203288596382
2024-10-27,Carolina Panthers,Denver Broncos,tommy tremble,Carolina Panthers,0,0,0,2,13,0,0,0,0,TE,3.3,1.5,0.9162907318741551
2024-10-27,Carolina Panthers,Denver Broncos,ja'tavion sanders,Carolina Panthers,0,0,0,1,7,0,0,0,0,TE,1.7000000000000002,12.700000000000001,2.617395832834079
2024-10-27,Carolina Panthers,Denver Broncos,adam trautman,Denver Broncos,0,0,0,4,85,1,0,0,0,TE,18.5,1.4,0.8754687373538999
2024-10-27,Carolina Panthers,Denver Broncos,lucas krull,Denver Broncos,0,0,0,2,18,0,0,0,0,TE,3.8,0.0,0.0
2024-10-27,Carolina Panthers,Denver Broncos,nate adkins,Denver Broncos,0,0,0,1,3,1,0,0,0,TE,7.3,8.2,2.2192034840549946
2024-10-27,Chicago Bears,Washington Commanders,cole kmet,Chicago Bears,0,0,0,1,14,0,0,0,0,TE,2.4000000000000004,3.3,1.4586150226995167
2024-10-27,Chicago Bears,Washington Commanders,gerald everett,Chicago Bears,0,0,0,1,3,0,0,0,0,TE,1.3,1.5,0.9162907318741551
2024-10-27,Chicago Bears,Washington Commanders,zach ertz,Washington Commanders,0,0,0,7,77,0,0,0,0,TE,14.7,1.5,0.9162907318741551
2024-10-27,Chicago Bears,Washington Commanders,john bates,Washington Commanders,0,0,0,1,20,0,0,0,0,TE,3.0,3.7,1.547562508716013
2024-10-27,Dallas Cowboys,San Francisco 49ers,jake ferguson,Dallas Cowboys,0,0,0,6,23,0,0,0,0,TE,8.3,14.100000000000001,2.714694743820879
2024-10-27,Dallas Cowboys,San Francisco 49ers,brevyn spann-ford,Dallas Cowboys,0,0,0,0,0,0,0,0,0,TE,0.0,8.2,2.2192034840549946
2024-10-27,Dallas Cowboys,San Francisco 49ers,george kittle,San Francisco 49ers,0,0,0,6,128,1,0,0,0,TE,24.8,14.7,2.7536607123542622
2024-10-27,Green Bay Packers,Jacksonville Jaguars,tucker kraft,Green Bay Packers,0,0,0,3,78,1,0,0,0,TE,16.8,7.6000000000000005,2.1517622032594623
2024-10-27,Green Bay Packers,Jacksonville Jaguars,brenton strange,Jacksonville Jaguars,0,0,0,5,59,0,0,0,0,TE,10.9,4.5,1.7047480922384253
2024-10-27,Green Bay Packers,Jacksonville Jaguars,evan engram,Jacksonville Jaguars,0,0,0,4,36,1,0,0,0,TE,13.6,9.5,2.3513752571634776
2024-10-27,Indianapolis Colts,Houston Texans,kylen granson,Indianapolis Colts,0,0,0,1,4,0,0,0,0,TE,1.4,3.2,1.4350845252893227
2024-10-27,Indianapolis Colts,Houston Texans,mo alie-cox,Indianapolis Colts,0,0,0,0,0,0,0,0,0,TE,0.0,3.7,1.547562508716013
2024-10-27,Indianapolis Colts,Houston Texans,will mallory,Indianapolis Colts,0,0,0,0,0,0,0,0,0,TE,0.0,2.0,1.0986122886681098
2024-10-27,Indianapolis Colts,Houston Texans,dalton schultz,Houston Texans,0,0,0,4,52,0,0,0,0,TE,9.2,5.1,1.8082887711792655
2024-10-27,Indianapolis Colts,Houston Texans,cade stover,Houston Texans,0,0,0,2,19,0,0,0,0,TE,3.9000000000000004,0.0,0.0
2024-10-27,Kansas City Chiefs,Las Vegas Raiders,travis kelce,Kansas City Chiefs,0,0,0,10,90,1,0,0,0,TE,25.0,22.0,3.1354942159291497
2024-10-27,Kansas City Chiefs,Las Vegas Raiders,noah gray,Kansas City Chiefs,0,0,0,3,23,0,0,0,0,TE,5.300000000000001,0.0,0.0
2024-10-27,Kansas City Chiefs,Las Vegas Raiders,brock bowers,Las Vegas Raiders,0,0,0,5,58,0,0,0,0,TE,10.8,15.5,2.803360380906535
2024-10-27,New Orleans Saints,Los Angeles Chargers,taysom hill,New Orleans Saints,3,0,0,2,21,0,20,0,0,TE,6.1,16.0,2.833213344056216
2024-10-27,New Orleans Saints,Los Angeles Chargers,juwan johnson,New Orleans Saints,0,0,0,3,48,0,0,0,0,TE,7.800000000000001,6.1000000000000005,1.9600947840472698
2024-10-27,New Orleans Saints,Los Angeles Chargers,foster moreau,New Orleans Saints,0,0,0,0,0,0,0,0,0,TE,0.0,8.7,2.272125885509337
2024-10-27,New Orleans Saints,Los Angeles Chargers,will dissly,Los Angeles Chargers,0,0,0,5,41,0,0,0,0,TE,9.100000000000001,2.9,1.3609765531356006
2024-10-27,New Orleans Saints,Los Angeles Chargers,eric tomlinson,Los Angeles Chargers,0,0,0,0,0,0,0,0,0,TE,0.0,1.2,0.7884573603642702
2024-10-27,New York Jets,New England Patriots,tyler conklin,New York Jets,0,0,0,3,42,1,0,0,0,TE,13.2,0.7,0.5306282510621704
2024-10-27,New York Jets,New England Patriots,jeremy ruckert,New York Jets,0,0,0,3,14,0,0,0,0,TE,4.4,1.4,0.8754687373538999
2024-10-27,New York Jets,New England Patriots,hunter henry,New England Patriots,0,0,0,5,45,0,0,0,0,TE,9.5,12.600000000000001,2.6100697927420065
2024-10-27,New York Jets,New England Patriots,austin hooper,New England Patriots,0,0,0,3,15,0,0,0,0,TE,4.5,1.8,1.0296194171811581
2024-10-27,Philadelphia Eagles,Cincinnati Bengals,grant calcaterra,Philadelphia Eagles,0,0,0,3,58,0,0,0,0,TE,8.8,8.0,2.1972245773362196
2024-10-27,Philadelphia Eagles,Cincinnati Bengals,mike gesicki,Cincinnati Bengals,0,0,0,7,73,0,0,0,1,TE,12.3,27.0,3.332204510175204
2024-10-27,Philadelphia Eagles,Cincinnati Bengals,erick all,Cincinnati Bengals,0,0,0,2,32,0,0,0,0,TE,5.2,4.4,1.6863989535702288
2024-10-27,Tennessee Titans,Detroit Lions,josh whyle,Tennessee Titans,0,0,0,2,33,0,0,0,0,TE,5.300000000000001,2.2,1.1631508098056809
2024-10-27,Tennessee Titans,Detroit Lions,chigoziem okonkwo,Tennessee Titans,0,0,0,2,14,0,0,0,1,TE,1.4000000000000004,6.800000000000001,2.0541237336955462
2024-10-27,Tennessee Titans,Detroit Lions,nick vannett,Tennessee Titans,0,0,0,0,0,0,0,0,0,TE,0.0,11.3,2.509599262378372
2024-10-27,Tennessee Titans,Detroit Lions,sam laporta,Detroit Lions,0,0,0,6,48,1,0,0,0,TE,16.8,4.800000000000001,1.7578579175523739
2024-10-27,Tennessee Titans,Detroit Lions,brock wright,Detroit Lions,0,0,0,1,8,1,0,0,0,TE,7.8,1.1,0.7419373447293773
2024-10-28,New York Giants,Pittsburgh Steelers,theo johnson,New York Giants,0,0,0,3,35,0,0,0,0,TE,6.5,14.100000000000001,2.714694743820879
2024-10-28,New York Giants,Pittsburgh Steelers,chris manhertz,New York Giants,0,0,0,0,0,0,0,0,0,TE,0.0,7.2,2.1041341542702074
2024-10-28,New York Giants,Pittsburgh Steelers,darnell washington,Pittsburgh Steelers,0,0,0,1,29,0,0,0,0,TE,3.9000000000000004,1.6,0.9555114450274363
2024-10-28,New York Giants,Pittsburgh Steelers,pat freiermuth,Pittsburgh Steelers,0,0,0,2,19,0,0,0,0,TE,3.9000000000000004,10.7,2.4595888418037104
2024-10-28,New York Giants,Pittsburgh Steelers,mycole pruitt,Pittsburgh Steelers,0,0,0,1,10,0,0,0,0,TE,2.0,0.0,0.0
2024-10-31,Houston Texans,New York Jets,dalton schultz,Houston Texans,0,0,0,3,21,0,0,0,0,TE,5.1,9.600000000000001,2.3608540011180215
2024-10-31,Houston Texans,New York Jets,cade stover,Houston Texans,0,0,0,0,0,0,0,0,0,TE,0.0,1.2,0.7884573603642702
2024-10-31,Houston Texans,New York Jets,kenny yeboah,New York Jets,0,0,0,1,12,0,0,0,0,TE,2.2,1.4,0.8754687373538999
2024-10-31,Houston Texans,New York Jets,jeremy ruckert,New York Jets,0,0,0,1,4,0,0,0,0,TE,1.4,3.7,1.547562508716013
2024-10-31,Houston Texans,New York Jets,tyler conklin,New York Jets,0,0,0,1,-3,0,0,0,0,TE,0.7,1.8,1.0296194171811581
2024-11-03,Chicago Bears,Arizona Cardinals,trey mcbride,Arizona Cardinals,0,0,0,3,35,0,2,1,0,TE,12.7,11.100000000000001,2.4932054526026954
2024-11-03,Chicago Bears,Arizona Cardinals,elijah higgins,Arizona Cardinals,0,0,0,2,34,0,0,0,0,TE,5.4,3.3,1.4586150226995167
2024-11-03,Dallas Cowboys,Atlanta Falcons,jake ferguson,Dallas Cowboys,0,0,0,7,71,0,0,0,0,TE,14.100000000000001,4.4,1.6863989535702288
2024-11-03,Dallas Cowboys,Atlanta Falcons,kyle pitts,Atlanta Falcons,0,0,0,1,11,0,0,0,0,TE,2.1,9.5,2.3513752571634776
2024-11-03,Denver Broncos,Baltimore Ravens,adam trautman,Denver Broncos,0,0,0,1,4,0,0,0,0,TE,1.4,4.4,1.6863989535702288
2024-11-03,Denver Broncos,Baltimore Ravens,lucas krull,Denver Broncos,0,0,0,0,0,0,0,0,0,TE,0.0,4.1,1.62924053973028
2024-11-03,Denver Broncos,Baltimore Ravens,mark andrews,Baltimore Ravens,0,0,0,2,26,0,0,0,0,TE,4.6,18.8,2.9856819377004897
2024-11-03,Denver Broncos,Baltimore Ravens,isaiah likely,Baltimore Ravens,0,0,0,0,0,0,0,0,0,TE,0.0,9.5,2.3513752571634776
2024-11-03,Detroit Lions,Green Bay Packers,sam laporta,Detroit Lions,0,0,0,2,28,0,0,0,0,TE,4.800000000000001,15.600000000000001,2.8094026953624978
2024-11-03,Detroit Lions,Green Bay Packers,brock wright,Detroit Lions,0,0,0,1,1,0,0,0,0,TE,1.1,7.5,2.1400661634962708
2024-11-03,Detroit Lions,Green Bay Packers,tucker kraft,Green Bay Packers,0,0,0,4,34,0,2,0,0,TE,7.6000000000000005,0.0,0.0
2024-11-03,Indianapolis Colts,Minnesota Vikings,kylen granson,Indianapolis Colts,0,0,0,1,22,0,0,0,0,TE,3.2,3.5,1.5040773967762742
2024-11-03,Indianapolis Colts,Minnesota Vikings,josh oliver,Minnesota Vikings,0,0,0,5,58,1,0,0,0,TE,16.8,9.2,2.322387720290225
2024-11-03,Indianapolis Colts,Minnesota Vikings,t.j. hockenson,Minnesota Vikings,0,0,0,3,27,0,0,0,0,TE,5.7,15.2,2.785011242238338
2024-11-03,Jacksonville Jaguars,Philadelphia Eagles,evan engram,Jacksonville Jaguars,0,0,0,5,45,0,0,0,0,TE,9.5,10.0,2.3978952727983707
2024-11-03,Jacksonville Jaguars,Philadelphia Eagles,luke farrell,Jacksonville Jaguars,0,0,0,1,5,0,0,0,0,TE,1.5,3.6,1.5260563034950492
2024-11-03,Jacksonville Jaguars,Philadelphia Eagles,grant calcaterra,Philadelphia Eagles,0,0,0,5,30,0,0,0,0,TE,8.0,0.0,0.0
2024-11-03,Las Vegas Raiders,Cincinnati Bengals,brock bowers,Las Vegas Raiders,0,0,0,5,45,1,0,0,0,TE,15.5,31.3,3.475067230228611
2024-11-03,Las Vegas Raiders,Cincinnati Bengals,mike gesicki,Cincinnati Bengals,0,0,0,5,100,2,0,0,0,TE,27.0,7.0,2.0794415416798357
2024-11-03,Las Vegas Raiders,Cincinnati Bengals,drew sample,Cincinnati Bengals,0,0,0,4,14,1,0,0,0,TE,11.4,1.5,0.9162907318741551
2024-11-03,Las Vegas Raiders,Cincinnati Bengals,tanner hudson,Cincinnati Bengals,0,0,0,2,14,0,0,0,0,TE,3.4000000000000004,16.3,2.8507065015037334
2024-11-03,Los Angeles Chargers,Cleveland Browns,will dissly,Los Angeles Chargers,0,0,0,2,9,0,0,0,0,TE,2.9,8.0,2.1972245773362196
2024-11-03,Los Angeles Chargers,Cleveland Browns,hayden hurst,Los Angeles Chargers,0,0,0,1,6,0,0,0,0,TE,1.6,0.0,0.0
2024-11-03,Los Angeles Chargers,Cleveland Browns,jordan akins,Cleveland Browns,0,0,0,3,32,0,0,0,0,TE,6.2,2.9000000000000004,1.3609765531356008
2024-11-03,Los Angeles Chargers,Cleveland Browns,david njoku,Cleveland Browns,0,0,0,5,29,0,0,0,0,TE,7.9,17.1,2.89591193827178
2024-11-03,Los Angeles Rams,Seattle Seahawks,davis allen,Los Angeles Rams,0,0,0,1,5,0,0,0,0,TE,1.5,8.4,2.2407096892759584
2024-11-03,Los Angeles Rams,Seattle Seahawks,aj barner,Seattle Seahawks,0,0,0,4,27,0,0,0,0,TE,6.7,3.5,1.5040773967762742
2024-11-03,Miami Dolphins,Buffalo Bills,jonnu smith,Miami Dolphins,0,0,0,5,46,0,0,0,0,TE,9.600000000000001,7.5,2.1400661634962708
2024-11-03,Miami Dolphins,Buffalo Bills,durham smythe,Miami Dolphins,0,0,0,1,4,0,0,0,0,TE,1.4,1.6,0.9555114450274363
2024-11-03,Miami Dolphins,Buffalo Bills,dalton kincaid,Buffalo Bills,0,0,0,4,32,0,0,0,0,TE,7.2,4.4,1.6863989535702288
2024-11-03,Miami Dolphins,Buffalo Bills,dawson knox,Buffalo Bills,0,0,0,1,5,0,0,0,0,TE,1.5,6.0,1.9459101490553132
2024-11-03,Miami Dolphins,Buffalo Bills,quintin morris,Buffalo Bills,0,0,0,1,2,1,0,0,0,TE,7.2,0.0,0.0
2024-11-03,New England Patriots,Tennessee Titans,hunter henry,New England Patriots,0,0,0,7,56,0,0,0,0,TE,12.600000000000001,2.4000000000000004,1.2237754316221159
2024-11-03,New England Patriots,Tennessee Titans,austin hooper,New England Patriots,0,0,0,1,8,0,0,0,0,TE,1.8,9.4,2.341805806147327
2024-11-03,New England Patriots,Tennessee Titans,jaheim bell,New England Patriots,0,0,0,1,1,0,0,0,0,TE,1.1,0.0,0.0
2024-11-03,New England Patriots,Tennessee Titans,chigoziem okonkwo,Tennessee Titans,0,0,0,3,38,0,0,0,0,TE,6.800000000000001,2.4000000000000004,1.2237754316221159
2024-11-03,New England Patriots,Tennessee Titans,nick vannett,Tennessee Titans,0,0,0,2,33,1,0,0,0,TE,11.3,1.6,0.9555114450274363
2024-11-03,New England Patriots,Tennessee Titans,josh whyle,Tennessee Titans,0,0,0,1,12,0,0,0,0,TE,2.2,0.0,0.0
2024-11-03,New Orleans Saints,Carolina Panthers,taysom hill,New Orleans Saints,0,0,0,4,41,0,19,1,0,TE,16.0,7.0,2.0794415416798357
2024-11-03,New Orleans Saints,Carolina Panthers,juwan johnson,New Orleans Saints,0,0,0,2,41,0,0,0,0,TE,6.1000000000000005,4.2,1.6486586255873816
2024-11-03,New Orleans Saints,Carolina Panthers,foster moreau,New Orleans Saints,0,0,0,1,17,1,0,0,0,TE,8.7,0.0,0.0
2024-11-03,New Orleans Saints,Carolina Panthers,ja'tavion sanders,Carolina Panthers,0,0,0,4,87,0,0,0,0,TE,12.700000000000001,8.8,2.2823823856765264
2024-11-03,Washington Commanders,New York Giants,zach ertz,Washington Commanders,0,0,0,1,5,0,0,0,0,TE,1.5,7.1,2.0918640616783932
2024-11-03,Washington Commanders,New York Giants,theo johnson,New York Giants,0,0,0,3,51,1,0,0,0,TE,14.100000000000001,7.7,2.163323025660538
2024-11-04,Tampa Bay Buccaneers,Kansas City Chiefs,cade otton,Tampa Bay Buccaneers,0,0,0,8,77,1,0,0,0,TE,21.7,8.5,2.2512917986064953
2024-11-04,Tampa Bay Buccaneers,Kansas City Chiefs,travis kelce,Kansas City Chiefs,0,0,0,14,100,0,0,0,1,TE,22.0,20.4,3.0633909220278057
2024-11-04,Tampa Bay Buccaneers,Kansas City Chiefs,peyton hendershot,Kansas City Chiefs,0,0,0,1,9,0,0,0,0,TE,1.9,1.6,0.9555114450274363
2024-11-04,Tampa Bay Buccaneers,Kansas City Chiefs,noah gray,Kansas City Chiefs,0,0,0,0,0,0,0,0,0,TE,0.0,3.8,1.5686159179138452
2024-11-07,Cincinnati Bengals,Baltimore Ravens,tanner hudson,Cincinnati Bengals,0,0,0,6,42,1,1,0,0,TE,16.3,3.3,1.4586150226995167
2024-11-07,Cincinnati Bengals,Baltimore Ravens,mike gesicki,Cincinnati Bengals,0,0,0,4,30,0,0,0,0,TE,7.0,0.0,0.0
2024-11-07,Cincinnati Bengals,Baltimore Ravens,mark andrews,Baltimore Ravens,0,0,0,6,68,1,0,0,0,TE,18.8,4.2,1.6486586255873816
2024-11-10,Atlanta Falcons,New Orleans Saints,kyle pitts,Atlanta Falcons,0,0,0,4,55,0,0,0,0,TE,9.5,1.9,1.0647107369924282
2024-11-10,Atlanta Falcons,New Orleans Saints,taysom hill,New Orleans Saints,0,0,0,2,36,0,14,0,0,TE,7.0,42.8,3.7796338173824005
2024-11-10,Atlanta Falcons,New Orleans Saints,juwan johnson,New Orleans Saints,0,0,0,2,22,0,0,0,0,TE,4.2,12.0,2.5649493574615367
2024-11-10,Atlanta Falcons,New Orleans Saints,foster moreau,New Orleans Saints,0,0,0,0,0,0,0,0,0,TE,0.0,8.0,2.1972245773362196
2024-11-10,Buffalo Bills,Indianapolis Colts,dawson knox,Buffalo Bills,0,0,0,2,40,0,0,0,0,TE,6.0,8.0,2.1972245773362196
2024-11-10,Buffalo Bills,Indianapolis Colts,kylen granson,Indianapolis Colts,0,0,0,2,15,0,0,0,0,TE,3.5,1.4,0.8754687373538999
2024-11-10,Buffalo Bills,Indianapolis Colts,andrew ogletree,Indianapolis Colts,0,0,0,1,2,0,0,0,0,TE,1.2,1.8,1.0296194171811581
2024-11-10,Denver Broncos,Kansas City Chiefs,adam trautman,Denver Broncos,0,0,0,1,34,0,0,0,0,TE,4.4,0.0,0.0
2024-11-10,Denver Broncos,Kansas City Chiefs,travis kelce,Kansas City Chiefs,0,0,0,8,64,1,0,0,0,TE,20.4,2.8,1.33500106673234
2024-11-10,Denver Broncos,Kansas City Chiefs,noah gray,Kansas City Chiefs,0,0,0,2,18,0,0,0,0,TE,3.8,18.3,2.9601050959108397
2024-11-10,Denver Broncos,Kansas City Chiefs,peyton hendershot,Kansas City Chiefs,0,0,0,1,6,0,0,0,0,TE,1.6,2.1,1.1314021114911006
2024-11-10,Detroit Lions,Houston Texans,sam laporta,Detroit Lions,0,0,0,3,66,1,0,0,0,TE,15.600000000000001,4.9,1.7749523509116738
2024-11-10,Detroit Lions,Houston Texans,dalton schultz,Houston Texans,0,0,0,3,66,0,0,0,0,TE,9.600000000000001,8.3,2.2300144001592104
2024-11-10,Detroit Lions,Houston Texans,cade stover,Houston Texans,0,0,0,1,2,0,0,0,0,TE,1.2,3.5,1.5040773967762742
2024-11-10,Minnesota Vikings,Jacksonville Jaguars,t.j. hockenson,Minnesota Vikings,0,0,0,8,72,0,0,0,0,TE,15.2,3.3,1.4586150226995167
2024-11-10,Minnesota Vikings,Jacksonville Jaguars,josh oliver,Minnesota Vikings,0,0,0,4,52,0,0,0,0,TE,9.2,6.4,2.0014800002101243
2024-11-10,Minnesota Vikings,Jacksonville Jaguars,evan engram,Jacksonville Jaguars,0,0,0,6,40,0,0,0,0,TE,10.0,7.800000000000001,2.174751721484161
2024-11-10,Minnesota Vikings,Jacksonville Jaguars,brenton strange,Jacksonville Jaguars,0,0,0,2,25,0,0,0,0,TE,4.5,1.6,0.9555114450274363
2024-11-10,Minnesota Vikings,Jacksonville Jaguars,luke farrell,Jacksonville Jaguars,0,0,0,2,16,0,0,0,0,TE,3.6,1.3,0.832909122935104
2024-11-10,New England Patriots,Chicago Bears,austin hooper,New England Patriots,0,0,0,3,64,0,0,0,0,TE,9.4,7.5,2.1400661634962708
2024-11-10,New England Patriots,Chicago Bears,hunter henry,New England Patriots,0,0,0,1,14,0,0,0,0,TE,2.4000000000000004,12.3,2.5877640352277083
2024-11-10,New England Patriots,Chicago Bears,cole kmet,Chicago Bears,0,0,0,2,13,0,0,0,0,TE,3.3,7.2,2.1041341542702074
2024-11-10,New York Giants,Carolina Panthers,theo johnson,New York Giants,0,0,0,4,37,0,0,0,0,TE,7.7,6.9,2.066862759472976
2024-11-10,New York Giants,Carolina Panthers,ja'tavion sanders,Carolina Panthers,0,0,0,2,8,1,0,0,0,TE,8.8,7.9,2.186051276738094
2024-11-10,New York Jets,Arizona Cardinals,jeremy ruckert,New York Jets,0,0,0,2,17,0,0,0,0,TE,3.7,1.6,0.9555114450274363
2024-11-10,New York Jets,Arizona Cardinals,tyler conklin,New York Jets,0,0,0,1,8,0,0,0,0,TE,1.8,1.7000000000000002,0.9932517730102834
2024-11-10,New York Jets,Arizona Cardinals,kenny yeboah,New York Jets,0,0,0,1,4,0,0,0,0,TE,1.4,8.1,2.2082744135228043
2024-11-10,New York Jets,Arizona Cardinals,trey mcbride,Arizona Cardinals,0,0,0,4,71,0,0,0,0,TE,11.100000000000001,25.3,3.269568939183719
2024-11-10,New York Jets,Arizona Cardinals,elijah higgins,Arizona Cardinals,0,0,0,2,13,0,0,0,0,TE,3.3,1.5,0.9162907318741551
2024-11-10,Philadelphia Eagles,Dallas Cowboys,dallas goedert,Philadelphia Eagles,0,0,0,2,25,1,0,0,0,TE,10.5,11.100000000000001,2.4932054526026954
2024-11-10,Philadelphia Eagles,Dallas Cowboys,grant calcaterra,Philadelphia Eagles,0,0,0,0,0,0,0,0,0,TE,0.0,0.0,0.0
2024-11-10,Philadelphia Eagles,Dallas Cowboys,jake ferguson,Dallas Cowboys,0,0,0,4,24,0,0,0,1,TE,4.4,2.1,1.1314021114911006
2024-11-10,Philadelphia Eagles,Dallas Cowboys,luke schoonmaker,Dallas Cowboys,0,0,0,0,0,0,0,0,0,TE,0.0,11.600000000000001,2.5336968139574325
2024-11-10,Pittsburgh Steelers,Washington Commanders,pat freiermuth,Pittsburgh Steelers,0,0,0,3,17,1,0,0,0,TE,10.7,3.4000000000000004,1.4816045409242156
2024-11-10,Pittsburgh Steelers,Washington Commanders,darnell washington,Pittsburgh Steelers,0,0,0,1,6,0,0,0,0,TE,1.6,6.2,1.9740810260220096
2024-11-10,Pittsburgh Steelers,Washington Commanders,zach ertz,Washington Commanders,0,0,0,4,31,0,0,0,0,TE,7.1,16.7,2.8735646395797834
2024-11-10,San Francisco 49ers,Tampa Bay Buccaneers,george kittle,San Francisco 49ers,0,0,0,3,57,1,0,0,0,TE,14.7,20.200000000000003,3.054001181677967
2024-11-10,San Francisco 49ers,Tampa Bay Buccaneers,cade otton,Tampa Bay Buccaneers,0,0,0,5,35,0,0,0,0,TE,8.5,4.0,1.6094379124341003
2024-11-10,Tennessee Titans,Los Angeles Chargers,chigoziem okonkwo,Tennessee Titans,0,0,0,1,14,0,0,0,0,TE,2.4000000000000004,3.9000000000000004,1.589235205116581
2024-11-10,Tennessee Titans,Los Angeles Chargers,josh whyle,Tennessee Titans,0,0,0,0,0,0,0,0,0,TE,0.0,1.6,0.9555114450274363
2024-11-10,Tennessee Titans,Los Angeles Chargers,will dissly,Los Angeles Chargers,0,0,0,5,30,0,0,0,0,TE,8.0,18.0,2.9444389791664403
2024-11-11,Miami Dolphins,Los Angeles Rams,jonnu smith,Miami Dolphins,0,0,0,3,45,0,0,0,0,TE,7.5,28.1,3.370738174177447
2024-11-11,Miami Dolphins,Los Angeles Rams,durham smythe,Miami Dolphins,0,0,0,1,6,0,0,0,0,TE,1.6,1.3,0.832909122935104
2024-11-11,Miami Dolphins,Los Angeles Rams,julian hill,Miami Dolphins,0,0,0,0,0,0,0,0,0,TE,0.0,4.800000000000001,1.7578579175523739
2024-11-11,Miami Dolphins,Los Angeles Rams,davis allen,Los Angeles Rams,0,0,0,5,34,0,0,0,0,TE,8.4,0.0,0.0
2024-11-14,Washington Commanders,Philadelphia Eagles,zach ertz,Washington Commanders,0,0,0,6,47,1,0,0,0,TE,16.7,15.8,2.8213788864092133
2024-11-14,Washington Commanders,Philadelphia Eagles,john bates,Washington Commanders,0,0,0,2,17,0,0,0,0,TE,3.7,0.2999999999999998,0.2623642644674909
2024-11-14,Washington Commanders,Philadelphia Eagles,dallas goedert,Philadelphia Eagles,0,0,0,5,61,0,0,0,0,TE,11.100000000000001,5.9,1.9315214116032138
2024-11-17,Atlanta Falcons,Denver Broncos,adam trautman,Denver Broncos,0,0,0,0,0,0,0,0,0,TE,0.0,1.3,0.832909122935104
2024-11-17,Baltimore Ravens,Pittsburgh Steelers,darnell washington,Pittsburgh Steelers,0,0,0,2,42,0,0,0,0,TE,6.2,4.4,1.6863989535702288
2024-11-17,Baltimore Ravens,Pittsburgh Steelers,pat freiermuth,Pittsburgh Steelers,0,0,0,2,14,0,0,0,0,TE,3.4000000000000004,9.9,2.388762789235098
2024-11-17,Cleveland Browns,New Orleans Saints,david njoku,Cleveland Browns,0,0,0,9,81,0,0,0,0,TE,17.1,1.9,1.0647107369924282
2024-11-17,Cleveland Browns,New Orleans Saints,jordan akins,Cleveland Browns,0,0,0,1,19,0,0,0,0,TE,2.9000000000000004,6.800000000000001,2.0541237336955462
2024-11-17,Green Bay Packers,Chicago Bears,tucker kraft,Green Bay Packers,0,0,0,0,0,0,0,0,0,TE,0.0,10.6,2.451005098112319
2024-11-17,Green Bay Packers,Chicago Bears,cole kmet,Chicago Bears,0,0,0,3,42,0,0,0,0,TE,7.2,13.4,2.667228206581955
2024-11-17,Indianapolis Colts,New York Jets,andrew ogletree,Indianapolis Colts,0,0,0,1,8,0,0,0,0,TE,1.8,0.0,0.0
2024-11-17,Indianapolis Colts,New York Jets,kylen granson,Indianapolis Colts,0,0,0,1,4,0,0,0,0,TE,1.4,0.0,0.0
2024-11-17,Jacksonville Jaguars,Detroit Lions,brock wright,Detroit Lions,0,0,0,1,5,1,0,0,0,TE,7.5,4.4,1.6863989535702288
2024-11-17,Kansas City Chiefs,Buffalo Bills,noah gray,Kansas City Chiefs,0,0,0,4,23,2,0,0,0,TE,18.3,22.6,3.1612467120315646
2024-11-17,Kansas City Chiefs,Buffalo Bills,travis kelce,Kansas City Chiefs,0,0,0,2,8,0,0,0,0,TE,2.8,12.2,2.580216829592325
2024-11-17,Las Vegas Raiders,Miami Dolphins,michael mayer,Las Vegas Raiders,0,0,0,1,5,0,0,0,0,TE,1.5,3.1,1.410986973710262
2024-11-17,Las Vegas Raiders,Miami Dolphins,brock bowers,Las Vegas Raiders,0,0,0,13,126,1,-3,0,0,TE,31.3,7.800000000000001,2.174751721484161
2024-11-17,Las Vegas Raiders,Miami Dolphins,jonnu smith,Miami Dolphins,0,0,0,6,101,2,0,0,0,TE,28.1,23.700000000000003,3.2068032436339315
2024-11-17,Las Vegas Raiders,Miami Dolphins,julian hill,Miami Dolphins,0,0,0,2,28,0,0,0,0,TE,4.800000000000001,1.8,1.0296194171811581
2024-11-17,Las Vegas Raiders,Miami Dolphins,durham smythe,Miami Dolphins,0,0,0,1,3,0,0,0,0,TE,1.3,1.8,1.0296194171811581
2024-11-17,Los Angeles Rams,New England Patriots,colby parkinson,Los Angeles Rams,0,0,0,1,19,1,0,0,0,TE,8.9,2.0,1.0986122886681098
2024-11-17,Los Angeles Rams,New England Patriots,hunter henry,New England Patriots,0,0,0,6,63,0,0,0,0,TE,12.3,9.4,2.341805806147327
2024-11-17,Los Angeles Rams,New England Patriots,austin hooper,New England Patriots,0,0,0,4,35,0,0,0,0,TE,7.5,15.9,2.8273136219290276
2024-11-17,Minnesota Vikings,Tennessee Titans,t.j. hockenson,Minnesota Vikings,0,0,0,2,13,0,0,0,0,TE,3.3,18.4,2.9652730660692823
2024-11-17,Minnesota Vikings,Tennessee Titans,chigoziem okonkwo,Tennessee Titans,0,0,0,2,19,0,0,0,0,TE,3.9000000000000004,14.0,2.70805020110221
2024-11-17,Minnesota Vikings,Tennessee Titans,nick vannett,Tennessee Titans,0,0,0,1,6,0,0,0,0,TE,1.6,0.0,0.0
2024-11-17,Seattle Seahawks,San Francisco 49ers,aj barner,Seattle Seahawks,0,0,0,2,15,0,0,0,0,TE,3.5,4.9,1.7749523509116738
2024-11-17,Seattle Seahawks,San Francisco 49ers,eric saubert,San Francisco 49ers,0,0,0,1,7,0,0,0,0,TE,1.7000000000000002,0.0,0.0
2024-11-18,Houston Texans,Dallas Cowboys,dalton schultz,Houston Texans,0,0,0,5,33,0,0,0,0,TE,8.3,4.0,1.6094379124341003
2024-11-18,Houston Texans,Dallas Cowboys,cade stover,Houston Texans,0,0,0,2,15,0,0,0,0,TE,3.5,11.6,2.533696813957432
2024-11-18,Houston Texans,Dallas Cowboys,luke schoonmaker,Dallas Cowboys,0,0,0,6,56,0,0,0,0,TE,11.600000000000001,14.5,2.740840023925201
2024-11-18,Houston Texans,Dallas Cowboys,brevyn spann-ford,Dallas Cowboys,0,0,0,4,42,0,0,0,0,TE,8.2,4.4,1.6863989535702288
