Date,Away Team,Home Team,Player,Player Team,Extra Points Made,Extra Points Missed,Field Goals Made,Field Goals Missed
2024-09-05,Baltimore Ravens,Kansas City Chiefs,Justin Tucker,Baltimore Ravens,2,0,2,1
2024-09-05,Baltimore Ravens,Kansas City Chiefs,Jordan Stout,Baltimore Ravens,0,0,0,0
2024-09-05,Baltimore Ravens,Kansas City Chiefs,Harrison Butker,Kansas City Chiefs,3,0,2,0
2024-09-05,Baltimore Ravens,Kansas City Chiefs,Matt Araiza,Kansas City Chiefs,0,0,0,0
2024-09-06,Green Bay Packers,Philadelphia Eagles,Brayden Narveson,Green Bay Packers,2,0,3,1
2024-09-06,Green Bay Packers,Philadelphia Eagles,Daniel Whelan,Green Bay Packers,0,0,0,0
2024-09-06,Green Bay Packers,Philadelphia Eagles,Jake Elliott,Philadelphia Eagles,4,0,2,0
2024-09-06,Green Bay Packers,Philadelphia Eagles,Braden Mann,Philadelphia Eagles,0,0,0,0
2024-09-08,Arizona Cardinals,Buffalo Bills,Matt Prater,Arizona Cardinals,2,0,2,0
2024-09-08,Arizona Cardinals,Buffalo Bills,Blake Gillikin,Arizona Cardinals,0,0,0,0
2024-09-08,Arizona Cardinals,Buffalo Bills,Tyler Bass,Buffalo Bills,4,0,2,0
2024-09-08,Arizona Cardinals,Buffalo Bills,Sam Martin,Buffalo Bills,0,0,0,0
2024-09-08,Carolina Panthers,New Orleans Saints,Eddy Piñeiro,Carolina Panthers,1,0,1,0
2024-09-08,Carolina Panthers,New Orleans Saints,Johnny Hekker,Carolina Panthers,0,0,0,0
2024-09-08,Carolina Panthers,New Orleans Saints,Blake Grupe,New Orleans Saints,5,0,4,0
2024-09-08,Carolina Panthers,New Orleans Saints,Matthew Hayball,New Orleans Saints,0,0,0,0
2024-09-08,Dallas Cowboys,Cleveland Browns,Brandon Aubrey,Dallas Cowboys,3,0,4,0
2024-09-08,Dallas Cowboys,Cleveland Browns,Bryan Anger,Dallas Cowboys,0,0,0,0
2024-09-08,Dallas Cowboys,Cleveland Browns,Dustin Hopkins,Cleveland Browns,2,0,1,0
2024-09-08,Dallas Cowboys,Cleveland Browns,Corey Bojorquez,Cleveland Browns,0,0,0,0
2024-09-08,Denver Broncos,Seattle Seahawks,Wil Lutz,Denver Broncos,1,0,3,0
2024-09-08,Denver Broncos,Seattle Seahawks,Riley Dixon,Denver Broncos,0,0,0,0
2024-09-08,Denver Broncos,Seattle Seahawks,Jason Myers,Seattle Seahawks,2,0,2,0
2024-09-08,Denver Broncos,Seattle Seahawks,Michael Dickson,Seattle Seahawks,0,0,0,0
2024-09-08,Houston Texans,Indianapolis Colts,Ka'imi Fairbairn,Houston Texans,2,0,3,0
2024-09-08,Houston Texans,Indianapolis Colts,Tommy Townsend,Houston Texans,0,0,0,0
2024-09-08,Houston Texans,Indianapolis Colts,Spencer Shrader,Indianapolis Colts,3,0,0,0
2024-09-08,Houston Texans,Indianapolis Colts,Rigoberto Sanchez,Indianapolis Colts,0,0,0,0
2024-09-08,Jacksonville Jaguars,Miami Dolphins,Cam Little,Jacksonville Jaguars,2,0,1,0
2024-09-08,Jacksonville Jaguars,Miami Dolphins,Logan Cooke,Jacksonville Jaguars,0,0,0,0
2024-09-08,Jacksonville Jaguars,Miami Dolphins,Jason Sanders,Miami Dolphins,2,0,2,1
2024-09-08,Jacksonville Jaguars,Miami Dolphins,Jake Bailey,Miami Dolphins,0,0,0,0
2024-09-08,Las Vegas Raiders,Los Angeles Chargers,Daniel Carlson,Las Vegas Raiders,1,0,1,1
2024-09-08,Las Vegas Raiders,Los Angeles Chargers,AJ Cole III,Las Vegas Raiders,0,0,0,0
2024-09-08,Las Vegas Raiders,Los Angeles Chargers,Cameron Dicker,Los Angeles Chargers,1,0,3,0
2024-09-08,Las Vegas Raiders,Los Angeles Chargers,JK Scott,Los Angeles Chargers,0,0,0,0
2024-09-08,Los Angeles Rams,Detroit Lions,Joshua Karty,Los Angeles Rams,2,0,2,0
2024-09-08,Los Angeles Rams,Detroit Lions,Ethan Evans,Los Angeles Rams,0,0,0,0
2024-09-08,Los Angeles Rams,Detroit Lions,Jake Bates,Detroit Lions,2,0,2,0
2024-09-08,Los Angeles Rams,Detroit Lions,Jack Fox,Detroit Lions,0,0,0,0
2024-09-08,Minnesota Vikings,New York Giants,Will Reichard,Minnesota Vikings,4,0,0,0
2024-09-08,Minnesota Vikings,New York Giants,Ryan Wright,Minnesota Vikings,0,0,0,0
2024-09-08,Minnesota Vikings,New York Giants,Jamie Gillan,New York Giants,0,0,0,0
2024-09-08,Minnesota Vikings,New York Giants,Graham Gano,New York Giants,0,0,2,0
2024-09-08,New England Patriots,Cincinnati Bengals,Joey Slye,New England Patriots,1,0,3,0
2024-09-08,New England Patriots,Cincinnati Bengals,Bryce Baringer,New England Patriots,0,0,0,0
2024-09-08,New England Patriots,Cincinnati Bengals,Evan McPherson,Cincinnati Bengals,1,0,1,0
2024-09-08,New England Patriots,Cincinnati Bengals,Ryan Rehkow,Cincinnati Bengals,0,0,0,0
2024-09-08,Pittsburgh Steelers,Atlanta Falcons,Cameron Johnston,Pittsburgh Steelers,0,0,0,0
2024-09-08,Pittsburgh Steelers,Atlanta Falcons,Chris Boswell,Pittsburgh Steelers,0,0,6,0
2024-09-08,Pittsburgh Steelers,Atlanta Falcons,Younghoe Koo,Atlanta Falcons,1,0,1,0
2024-09-08,Pittsburgh Steelers,Atlanta Falcons,Bradley Pinion,Atlanta Falcons,0,0,0,0
2024-09-08,Tennessee Titans,Chicago Bears,Nick Folk,Tennessee Titans,2,0,1,0
2024-09-08,Tennessee Titans,Chicago Bears,Ryan Stonehouse,Tennessee Titans,0,0,0,0
2024-09-08,Tennessee Titans,Chicago Bears,Cairo Santos,Chicago Bears,1,0,3,0
2024-09-08,Tennessee Titans,Chicago Bears,Tory Taylor,Chicago Bears,0,0,0,0
2024-09-08,Washington Commanders,Tampa Bay Buccaneers,Cade York,Washington Commanders,2,0,0,2
2024-09-08,Washington Commanders,Tampa Bay Buccaneers,Tress Way,Washington Commanders,0,0,0,0
2024-09-08,Washington Commanders,Tampa Bay Buccaneers,Chase McLaughlin,Tampa Bay Buccaneers,4,0,3,0
2024-09-08,Washington Commanders,Tampa Bay Buccaneers,Jake Camarda,Tampa Bay Buccaneers,0,0,0,0
2024-09-09,New York Jets,San Francisco 49ers,Greg Zuerlein,New York Jets,1,0,0,0
2024-09-09,New York Jets,San Francisco 49ers,Thomas Morstead,New York Jets,0,0,0,0
2024-09-09,New York Jets,San Francisco 49ers,Jake Moody,San Francisco 49ers,2,0,6,0
2024-09-09,New York Jets,San Francisco 49ers,Mitch Wishnowsky,San Francisco 49ers,0,0,0,0
2024-09-12,Buffalo Bills,Miami Dolphins,Tyler Bass,Buffalo Bills,4,0,1,1
2024-09-12,Buffalo Bills,Miami Dolphins,Sam Martin,Buffalo Bills,0,0,0,0
2024-09-12,Buffalo Bills,Miami Dolphins,Jason Sanders,Miami Dolphins,1,0,1,0
2024-09-12,Buffalo Bills,Miami Dolphins,Jake Bailey,Miami Dolphins,0,0,0,0
2024-09-15,Chicago Bears,Houston Texans,Cairo Santos,Chicago Bears,1,0,2,0
2024-09-15,Chicago Bears,Houston Texans,Tory Taylor,Chicago Bears,0,0,0,0
2024-09-15,Chicago Bears,Houston Texans,Ka'imi Fairbairn,Houston Texans,1,0,4,0
2024-09-15,Chicago Bears,Houston Texans,Tommy Townsend,Houston Texans,0,0,0,0
2024-09-15,Cincinnati Bengals,Kansas City Chiefs,Evan McPherson,Cincinnati Bengals,1,1,4,0
2024-09-15,Cincinnati Bengals,Kansas City Chiefs,Ryan Rehkow,Cincinnati Bengals,0,0,0,0
2024-09-15,Cincinnati Bengals,Kansas City Chiefs,Harrison Butker,Kansas City Chiefs,2,0,2,0
2024-09-15,Cincinnati Bengals,Kansas City Chiefs,Matt Araiza,Kansas City Chiefs,0,0,0,0
2024-09-15,Cleveland Browns,Jacksonville Jaguars,Dustin Hopkins,Cleveland Browns,1,0,3,0
2024-09-15,Cleveland Browns,Jacksonville Jaguars,Corey Bojorquez,Cleveland Browns,0,0,0,0
2024-09-15,Cleveland Browns,Jacksonville Jaguars,Cam Little,Jacksonville Jaguars,1,0,2,1
2024-09-15,Cleveland Browns,Jacksonville Jaguars,Logan Cooke,Jacksonville Jaguars,0,0,0,0
2024-09-15,Indianapolis Colts,Green Bay Packers,Matt Gay,Indianapolis Colts,1,0,1,1
2024-09-15,Indianapolis Colts,Green Bay Packers,Rigoberto Sanchez,Indianapolis Colts,0,0,0,0
2024-09-15,Indianapolis Colts,Green Bay Packers,Brayden Narveson,Green Bay Packers,1,0,3,1
2024-09-15,Indianapolis Colts,Green Bay Packers,Daniel Whelan,Green Bay Packers,0,0,0,0
2024-09-15,Las Vegas Raiders,Baltimore Ravens,Daniel Carlson,Las Vegas Raiders,2,0,4,0
2024-09-15,Las Vegas Raiders,Baltimore Ravens,AJ Cole III,Las Vegas Raiders,0,0,0,0
2024-09-15,Las Vegas Raiders,Baltimore Ravens,Justin Tucker,Baltimore Ravens,2,0,3,1
2024-09-15,Las Vegas Raiders,Baltimore Ravens,Jordan Stout,Baltimore Ravens,0,0,0,0
2024-09-15,Los Angeles Chargers,Carolina Panthers,Cameron Dicker,Los Angeles Chargers,2,1,2,0
2024-09-15,Los Angeles Chargers,Carolina Panthers,JK Scott,Los Angeles Chargers,0,0,0,0
2024-09-15,Los Angeles Chargers,Carolina Panthers,Johnny Hekker,Carolina Panthers,0,0,0,0
2024-09-15,Los Angeles Chargers,Carolina Panthers,Eddy Piñeiro,Carolina Panthers,0,0,1,0
2024-09-15,Los Angeles Rams,Arizona Cardinals,Joshua Karty,Los Angeles Rams,1,0,1,0
2024-09-15,Los Angeles Rams,Arizona Cardinals,Ethan Evans,Los Angeles Rams,0,0,0,0
2024-09-15,Los Angeles Rams,Arizona Cardinals,Matt Prater,Arizona Cardinals,5,0,2,0
2024-09-15,Los Angeles Rams,Arizona Cardinals,Blake Gillikin,Arizona Cardinals,0,0,0,0
2024-09-15,New Orleans Saints,Dallas Cowboys,Blake Grupe,New Orleans Saints,5,1,1,0
2024-09-15,New Orleans Saints,Dallas Cowboys,Matthew Hayball,New Orleans Saints,0,0,0,0
2024-09-15,New Orleans Saints,Dallas Cowboys,Brandon Aubrey,Dallas Cowboys,1,0,4,0
2024-09-15,New Orleans Saints,Dallas Cowboys,Bryan Anger,Dallas Cowboys,0,0,0,0
2024-09-15,New York Giants,Washington Commanders,Jamie Gillan,New York Giants,0,1,0,0
2024-09-15,New York Giants,Washington Commanders,Austin Seibert,Washington Commanders,0,0,7,0
2024-09-15,New York Jets,Tennessee Titans,Greg Zuerlein,New York Jets,3,0,1,0
2024-09-15,New York Jets,Tennessee Titans,Thomas Morstead,New York Jets,0,0,0,0
2024-09-15,New York Jets,Tennessee Titans,Nick Folk,Tennessee Titans,2,0,1,0
2024-09-15,New York Jets,Tennessee Titans,Ryan Stonehouse,Tennessee Titans,0,0,0,0
2024-09-15,Pittsburgh Steelers,Denver Broncos,Chris Boswell,Pittsburgh Steelers,1,0,2,0
2024-09-15,Pittsburgh Steelers,Denver Broncos,Corliss Waitman,Pittsburgh Steelers,0,0,0,0
2024-09-15,Pittsburgh Steelers,Denver Broncos,Riley Dixon,Denver Broncos,0,0,0,0
2024-09-15,Pittsburgh Steelers,Denver Broncos,Wil Lutz,Denver Broncos,0,0,2,0
2024-09-15,San Francisco 49ers,Minnesota Vikings,Jake Moody,San Francisco 49ers,2,0,1,0
2024-09-15,San Francisco 49ers,Minnesota Vikings,Mitch Wishnowsky,San Francisco 49ers,0,0,0,0
2024-09-15,San Francisco 49ers,Minnesota Vikings,Will Reichard,Minnesota Vikings,2,0,3,0
2024-09-15,San Francisco 49ers,Minnesota Vikings,Ryan Wright,Minnesota Vikings,0,0,0,0
2024-09-15,Seattle Seahawks,New England Patriots,Jason Myers,Seattle Seahawks,2,0,3,0
2024-09-15,Seattle Seahawks,New England Patriots,Michael Dickson,Seattle Seahawks,0,0,0,0
2024-09-15,Seattle Seahawks,New England Patriots,Joey Slye,New England Patriots,2,0,2,1
2024-09-15,Seattle Seahawks,New England Patriots,Bryce Baringer,New England Patriots,0,0,0,0
2024-09-15,Tampa Bay Buccaneers,Detroit Lions,Chase McLaughlin,Tampa Bay Buccaneers,2,0,2,0
2024-09-15,Tampa Bay Buccaneers,Detroit Lions,Jake Camarda,Tampa Bay Buccaneers,0,0,0,0
2024-09-15,Tampa Bay Buccaneers,Detroit Lions,Jake Bates,Detroit Lions,1,0,3,0
2024-09-15,Tampa Bay Buccaneers,Detroit Lions,Jack Fox,Detroit Lions,0,0,0,0
2024-09-16,Atlanta Falcons,Philadelphia Eagles,Younghoe Koo,Atlanta Falcons,1,0,3,0
2024-09-16,Atlanta Falcons,Philadelphia Eagles,Bradley Pinion,Atlanta Falcons,0,0,0,0
2024-09-16,Atlanta Falcons,Philadelphia Eagles,Jake Elliott,Philadelphia Eagles,1,0,2,0
2024-09-16,Atlanta Falcons,Philadelphia Eagles,Braden Mann,Philadelphia Eagles,0,0,0,0
2024-09-19,New England Patriots,New York Jets,Bryce Baringer,New England Patriots,0,0,0,0
2024-09-19,New England Patriots,New York Jets,Joey Slye,New England Patriots,0,0,1,0
2024-09-19,New England Patriots,New York Jets,Greg Zuerlein,New York Jets,3,0,1,1
2024-09-19,New England Patriots,New York Jets,Thomas Morstead,New York Jets,0,0,0,0
2024-09-22,Baltimore Ravens,Dallas Cowboys,Justin Tucker,Baltimore Ravens,4,0,0,1
2024-09-22,Baltimore Ravens,Dallas Cowboys,Jordan Stout,Baltimore Ravens,0,0,0,0
2024-09-22,Baltimore Ravens,Dallas Cowboys,Brandon Aubrey,Dallas Cowboys,1,0,2,0
2024-09-22,Baltimore Ravens,Dallas Cowboys,Bryan Anger,Dallas Cowboys,0,0,0,0
2024-09-22,Carolina Panthers,Las Vegas Raiders,Eddy Piñeiro,Carolina Panthers,3,0,3,0
2024-09-22,Carolina Panthers,Las Vegas Raiders,Johnny Hekker,Carolina Panthers,0,0,0,0
2024-09-22,Carolina Panthers,Las Vegas Raiders,Daniel Carlson,Las Vegas Raiders,2,0,0,1
2024-09-22,Carolina Panthers,Las Vegas Raiders,AJ Cole III,Las Vegas Raiders,0,0,0,0
2024-09-22,Chicago Bears,Indianapolis Colts,Cairo Santos,Chicago Bears,1,0,1,1
2024-09-22,Chicago Bears,Indianapolis Colts,Tory Taylor,Chicago Bears,0,0,0,0
2024-09-22,Chicago Bears,Indianapolis Colts,Matt Gay,Indianapolis Colts,3,0,0,0
2024-09-22,Chicago Bears,Indianapolis Colts,Rigoberto Sanchez,Indianapolis Colts,0,0,0,0
2024-09-22,Denver Broncos,Tampa Bay Buccaneers,Wil Lutz,Denver Broncos,2,0,4,0
2024-09-22,Denver Broncos,Tampa Bay Buccaneers,Riley Dixon,Denver Broncos,0,0,0,0
2024-09-22,Denver Broncos,Tampa Bay Buccaneers,Chase McLaughlin,Tampa Bay Buccaneers,1,0,0,0
2024-09-22,Denver Broncos,Tampa Bay Buccaneers,Jake Camarda,Tampa Bay Buccaneers,0,0,0,0
2024-09-22,Detroit Lions,Arizona Cardinals,Jake Bates,Detroit Lions,2,1,0,0
2024-09-22,Detroit Lions,Arizona Cardinals,Jack Fox,Detroit Lions,0,0,0,0
2024-09-22,Detroit Lions,Arizona Cardinals,Matt Prater,Arizona Cardinals,1,0,2,0
2024-09-22,Detroit Lions,Arizona Cardinals,Blake Gillikin,Arizona Cardinals,0,0,0,0
2024-09-22,Green Bay Packers,Tennessee Titans,Brayden Narveson,Green Bay Packers,3,0,3,0
2024-09-22,Green Bay Packers,Tennessee Titans,Daniel Whelan,Green Bay Packers,0,0,0,0
2024-09-22,Green Bay Packers,Tennessee Titans,Nick Folk,Tennessee Titans,2,0,0,0
2024-09-22,Green Bay Packers,Tennessee Titans,Ryan Stonehouse,Tennessee Titans,0,0,0,0
2024-09-22,Houston Texans,Minnesota Vikings,Ka'imi Fairbairn,Houston Texans,1,0,0,1
2024-09-22,Houston Texans,Minnesota Vikings,Tommy Townsend,Houston Texans,0,0,0,0
2024-09-22,Houston Texans,Minnesota Vikings,Will Reichard,Minnesota Vikings,4,0,2,0
2024-09-22,Houston Texans,Minnesota Vikings,Ryan Wright,Minnesota Vikings,0,0,0,0
2024-09-22,Kansas City Chiefs,Atlanta Falcons,Harrison Butker,Kansas City Chiefs,1,1,3,0
2024-09-22,Kansas City Chiefs,Atlanta Falcons,Matt Araiza,Kansas City Chiefs,0,0,0,0
2024-09-22,Kansas City Chiefs,Atlanta Falcons,Younghoe Koo,Atlanta Falcons,2,0,1,0
2024-09-22,Kansas City Chiefs,Atlanta Falcons,Bradley Pinion,Atlanta Falcons,0,0,0,0
2024-09-22,Los Angeles Chargers,Pittsburgh Steelers,Cameron Dicker,Los Angeles Chargers,1,0,1,0
2024-09-22,Los Angeles Chargers,Pittsburgh Steelers,JK Scott,Los Angeles Chargers,0,0,0,0
2024-09-22,Los Angeles Chargers,Pittsburgh Steelers,Chris Boswell,Pittsburgh Steelers,2,0,2,1
2024-09-22,Los Angeles Chargers,Pittsburgh Steelers,Corliss Waitman,Pittsburgh Steelers,0,0,0,0
2024-09-22,Miami Dolphins,Seattle Seahawks,Jake Bailey,Miami Dolphins,0,0,0,0
2024-09-22,Miami Dolphins,Seattle Seahawks,Jason Sanders,Miami Dolphins,0,0,1,1
2024-09-22,Miami Dolphins,Seattle Seahawks,Jason Myers,Seattle Seahawks,3,0,1,1
2024-09-22,Miami Dolphins,Seattle Seahawks,Michael Dickson,Seattle Seahawks,0,0,0,0
2024-09-22,New York Giants,Cleveland Browns,Greg Joseph,New York Giants,3,0,0,1
2024-09-22,New York Giants,Cleveland Browns,Jamie Gillan,New York Giants,0,0,0,0
2024-09-22,New York Giants,Cleveland Browns,Dustin Hopkins,Cleveland Browns,1,0,0,1
2024-09-22,New York Giants,Cleveland Browns,Corey Bojorquez,Cleveland Browns,0,0,0,0
2024-09-22,Philadelphia Eagles,New Orleans Saints,Jake Elliott,Philadelphia Eagles,1,0,0,1
2024-09-22,Philadelphia Eagles,New Orleans Saints,Braden Mann,Philadelphia Eagles,0,0,0,0
2024-09-22,Philadelphia Eagles,New Orleans Saints,Matthew Hayball,New Orleans Saints,0,0,0,0
2024-09-22,Philadelphia Eagles,New Orleans Saints,Blake Grupe,New Orleans Saints,0,0,2,0
2024-09-22,San Francisco 49ers,Los Angeles Rams,Jake Moody,San Francisco 49ers,3,0,1,1
2024-09-22,San Francisco 49ers,Los Angeles Rams,Mitch Wishnowsky,San Francisco 49ers,0,0,0,0
2024-09-22,San Francisco 49ers,Los Angeles Rams,Joshua Karty,Los Angeles Rams,3,0,2,0
2024-09-22,San Francisco 49ers,Los Angeles Rams,Ethan Evans,Los Angeles Rams,0,0,0,0
2024-09-23,Jacksonville Jaguars,Buffalo Bills,Cam Little,Jacksonville Jaguars,1,0,1,0
2024-09-23,Jacksonville Jaguars,Buffalo Bills,Logan Cooke,Jacksonville Jaguars,0,0,0,0
2024-09-23,Jacksonville Jaguars,Buffalo Bills,Tyler Bass,Buffalo Bills,5,1,2,0
2024-09-23,Jacksonville Jaguars,Buffalo Bills,Sam Martin,Buffalo Bills,0,0,0,0
2024-09-23,Washington Commanders,Cincinnati Bengals,Austin Seibert,Washington Commanders,5,0,1,0
2024-09-23,Washington Commanders,Cincinnati Bengals,Evan McPherson,Cincinnati Bengals,3,0,2,1
2024-09-26,Dallas Cowboys,New York Giants,Brandon Aubrey,Dallas Cowboys,2,0,2,1
2024-09-26,Dallas Cowboys,New York Giants,Bryan Anger,Dallas Cowboys,0,0,0,0
2024-09-26,Dallas Cowboys,New York Giants,Jamie Gillan,New York Giants,0,0,0,0
2024-09-26,Dallas Cowboys,New York Giants,Greg Joseph,New York Giants,0,0,5,0
2024-09-29,Buffalo Bills,Baltimore Ravens,Tyler Bass,Buffalo Bills,1,0,1,1
2024-09-29,Buffalo Bills,Baltimore Ravens,Sam Martin,Buffalo Bills,0,0,0,0
2024-09-29,Buffalo Bills,Baltimore Ravens,Justin Tucker,Baltimore Ravens,5,0,0,0
2024-09-29,Buffalo Bills,Baltimore Ravens,Jordan Stout,Baltimore Ravens,0,0,0,0
2024-09-29,Cincinnati Bengals,Carolina Panthers,Evan McPherson,Cincinnati Bengals,4,0,2,0
2024-09-29,Cincinnati Bengals,Carolina Panthers,Ryan Rehkow,Cincinnati Bengals,0,0,0,0
2024-09-29,Cincinnati Bengals,Carolina Panthers,Eddy Piñeiro,Carolina Panthers,3,0,1,0
2024-09-29,Cincinnati Bengals,Carolina Panthers,Johnny Hekker,Carolina Panthers,0,0,0,0
2024-09-29,Cleveland Browns,Las Vegas Raiders,Dustin Hopkins,Cleveland Browns,1,1,1,0
2024-09-29,Cleveland Browns,Las Vegas Raiders,Corey Bojorquez,Cleveland Browns,0,0,0,0
2024-09-29,Cleveland Browns,Las Vegas Raiders,Daniel Carlson,Las Vegas Raiders,2,0,2,0
2024-09-29,Cleveland Browns,Las Vegas Raiders,AJ Cole III,Las Vegas Raiders,0,0,0,0
2024-09-29,Denver Broncos,New York Jets,Wil Lutz,Denver Broncos,1,0,1,1
2024-09-29,Denver Broncos,New York Jets,Riley Dixon,Denver Broncos,0,0,0,0
2024-09-29,Denver Broncos,New York Jets,Thomas Morstead,New York Jets,0,0,0,0
2024-09-29,Denver Broncos,New York Jets,Greg Zuerlein,New York Jets,0,0,3,1
2024-09-29,Jacksonville Jaguars,Houston Texans,Cam Little,Jacksonville Jaguars,2,0,2,0
2024-09-29,Jacksonville Jaguars,Houston Texans,Logan Cooke,Jacksonville Jaguars,0,0,0,0
2024-09-29,Jacksonville Jaguars,Houston Texans,Ka'imi Fairbairn,Houston Texans,3,0,1,0
2024-09-29,Jacksonville Jaguars,Houston Texans,Tommy Townsend,Houston Texans,0,0,0,0
2024-09-29,Kansas City Chiefs,Los Angeles Chargers,Harrison Butker,Kansas City Chiefs,2,0,1,1
2024-09-29,Kansas City Chiefs,Los Angeles Chargers,Matt Araiza,Kansas City Chiefs,0,0,0,0
2024-09-29,Kansas City Chiefs,Los Angeles Chargers,Cameron Dicker,Los Angeles Chargers,1,0,1,1
2024-09-29,Kansas City Chiefs,Los Angeles Chargers,JK Scott,Los Angeles Chargers,0,0,0,0
2024-09-29,Los Angeles Rams,Chicago Bears,Ethan Evans,Los Angeles Rams,0,0,0,0
2024-09-29,Los Angeles Rams,Chicago Bears,Joshua Karty,Los Angeles Rams,0,0,4,1
2024-09-29,Los Angeles Rams,Chicago Bears,Cairo Santos,Chicago Bears,3,0,1,0
2024-09-29,Los Angeles Rams,Chicago Bears,Tory Taylor,Chicago Bears,0,0,0,0
2024-09-29,Minnesota Vikings,Green Bay Packers,Will Reichard,Minnesota Vikings,4,0,1,0
2024-09-29,Minnesota Vikings,Green Bay Packers,Ryan Wright,Minnesota Vikings,0,0,0,0
2024-09-29,Minnesota Vikings,Green Bay Packers,Brayden Narveson,Green Bay Packers,3,0,0,2
2024-09-29,Minnesota Vikings,Green Bay Packers,Daniel Whelan,Green Bay Packers,0,0,0,0
2024-09-29,New England Patriots,San Francisco 49ers,Joey Slye,New England Patriots,1,0,2,0
2024-09-29,New England Patriots,San Francisco 49ers,Bryce Baringer,New England Patriots,0,0,0,0
2024-09-29,New England Patriots,San Francisco 49ers,Jake Moody,San Francisco 49ers,3,0,3,0
2024-09-29,New England Patriots,San Francisco 49ers,Mitch Wishnowsky,San Francisco 49ers,0,0,0,0
2024-09-29,New Orleans Saints,Atlanta Falcons,Blake Grupe,New Orleans Saints,3,0,1,0
2024-09-29,New Orleans Saints,Atlanta Falcons,Matthew Hayball,New Orleans Saints,0,0,0,0
2024-09-29,New Orleans Saints,Atlanta Falcons,Younghoe Koo,Atlanta Falcons,2,0,4,0
2024-09-29,New Orleans Saints,Atlanta Falcons,Bradley Pinion,Atlanta Falcons,0,0,0,0
2024-09-29,Philadelphia Eagles,Tampa Bay Buccaneers,Jake Elliott,Philadelphia Eagles,2,0,0,0
2024-09-29,Philadelphia Eagles,Tampa Bay Buccaneers,Braden Mann,Philadelphia Eagles,0,0,0,0
2024-09-29,Philadelphia Eagles,Tampa Bay Buccaneers,Chase McLaughlin,Tampa Bay Buccaneers,3,1,2,0
2024-09-29,Philadelphia Eagles,Tampa Bay Buccaneers,Trenton Gill,Tampa Bay Buccaneers,0,0,0,0
2024-09-29,Pittsburgh Steelers,Indianapolis Colts,Chris Boswell,Pittsburgh Steelers,3,0,1,0
2024-09-29,Pittsburgh Steelers,Indianapolis Colts,Corliss Waitman,Pittsburgh Steelers,0,0,0,0
2024-09-29,Pittsburgh Steelers,Indianapolis Colts,Matt Gay,Indianapolis Colts,3,0,2,1
2024-09-29,Pittsburgh Steelers,Indianapolis Colts,Rigoberto Sanchez,Indianapolis Colts,0,0,0,0
2024-09-29,Washington Commanders,Arizona Cardinals,Austin Seibert,Washington Commanders,4,0,2,0
2024-09-29,Washington Commanders,Arizona Cardinals,Tress Way,Washington Commanders,0,0,0,0
2024-09-29,Washington Commanders,Arizona Cardinals,Matt Prater,Arizona Cardinals,2,0,0,0
2024-09-29,Washington Commanders,Arizona Cardinals,Blake Gillikin,Arizona Cardinals,0,0,0,0
2024-09-30,Seattle Seahawks,Detroit Lions,Jason Myers,Seattle Seahawks,3,0,0,1
2024-09-30,Seattle Seahawks,Detroit Lions,Michael Dickson,Seattle Seahawks,0,0,0,0
2024-09-30,Seattle Seahawks,Detroit Lions,Jake Bates,Detroit Lions,6,0,0,0
2024-09-30,Seattle Seahawks,Detroit Lions,Jack Fox,Detroit Lions,0,0,0,0
2024-09-30,Tennessee Titans,Miami Dolphins,Nick Folk,Tennessee Titans,2,0,5,0
2024-09-30,Tennessee Titans,Miami Dolphins,Ryan Stonehouse,Tennessee Titans,0,0,0,0
2024-09-30,Tennessee Titans,Miami Dolphins,Jake Bailey,Miami Dolphins,0,0,0,0
2024-09-30,Tennessee Titans,Miami Dolphins,Jason Sanders,Miami Dolphins,0,0,2,0
2024-10-03,Tampa Bay Buccaneers,Atlanta Falcons,Chase McLaughlin,Tampa Bay Buccaneers,3,0,3,0
2024-10-03,Tampa Bay Buccaneers,Atlanta Falcons,Trenton Gill,Tampa Bay Buccaneers,0,0,0,0
2024-10-03,Tampa Bay Buccaneers,Atlanta Falcons,Younghoe Koo,Atlanta Falcons,3,0,3,2
2024-10-03,Tampa Bay Buccaneers,Atlanta Falcons,Bradley Pinion,Atlanta Falcons,0,0,0,0
2024-10-06,Arizona Cardinals,San Francisco 49ers,Chad Ryland,Arizona Cardinals,1,0,3,1
2024-10-06,Arizona Cardinals,San Francisco 49ers,Blake Gillikin,Arizona Cardinals,0,0,0,0
2024-10-06,Arizona Cardinals,San Francisco 49ers,Jake Moody,San Francisco 49ers,2,0,2,0
2024-10-06,Arizona Cardinals,San Francisco 49ers,Mitch Wishnowsky,San Francisco 49ers,0,0,1,0
2024-10-06,Baltimore Ravens,Cincinnati Bengals,Justin Tucker,Baltimore Ravens,5,0,2,0
2024-10-06,Baltimore Ravens,Cincinnati Bengals,Jordan Stout,Baltimore Ravens,0,0,0,0
2024-10-06,Baltimore Ravens,Cincinnati Bengals,Evan McPherson,Cincinnati Bengals,4,0,0,1
2024-10-06,Baltimore Ravens,Cincinnati Bengals,Ryan Rehkow,Cincinnati Bengals,0,0,0,0
2024-10-06,Buffalo Bills,Houston Texans,Tyler Bass,Buffalo Bills,2,0,2,0
2024-10-06,Buffalo Bills,Houston Texans,Sam Martin,Buffalo Bills,0,0,0,0
2024-10-06,Buffalo Bills,Houston Texans,Ka'imi Fairbairn,Houston Texans,2,0,3,0
2024-10-06,Buffalo Bills,Houston Texans,Tommy Townsend,Houston Texans,0,0,0,0
2024-10-06,Carolina Panthers,Chicago Bears,Eddy Piñeiro,Carolina Panthers,1,0,1,1
2024-10-06,Carolina Panthers,Chicago Bears,Johnny Hekker,Carolina Panthers,0,0,0,0
2024-10-06,Carolina Panthers,Chicago Bears,Cairo Santos,Chicago Bears,3,1,1,0
2024-10-06,Carolina Panthers,Chicago Bears,Tory Taylor,Chicago Bears,0,0,0,0
2024-10-06,Cleveland Browns,Washington Commanders,Dustin Hopkins,Cleveland Browns,1,0,2,0
2024-10-06,Cleveland Browns,Washington Commanders,Corey Bojorquez,Cleveland Browns,0,0,0,0
2024-10-06,Cleveland Browns,Washington Commanders,Austin Seibert,Washington Commanders,4,0,2,0
2024-10-06,Cleveland Browns,Washington Commanders,Tress Way,Washington Commanders,0,0,0,0
2024-10-06,Dallas Cowboys,Pittsburgh Steelers,Brandon Aubrey,Dallas Cowboys,2,0,2,1
2024-10-06,Dallas Cowboys,Pittsburgh Steelers,Bryan Anger,Dallas Cowboys,0,0,0,0
2024-10-06,Dallas Cowboys,Pittsburgh Steelers,Chris Boswell,Pittsburgh Steelers,2,0,1,0
2024-10-06,Dallas Cowboys,Pittsburgh Steelers,Corliss Waitman,Pittsburgh Steelers,0,0,0,0
2024-10-06,Green Bay Packers,Los Angeles Rams,Brayden Narveson,Green Bay Packers,3,0,1,0
2024-10-06,Green Bay Packers,Los Angeles Rams,Daniel Whelan,Green Bay Packers,0,0,0,0
2024-10-06,Green Bay Packers,Los Angeles Rams,Joshua Karty,Los Angeles Rams,1,1,0,0
2024-10-06,Green Bay Packers,Los Angeles Rams,Ethan Evans,Los Angeles Rams,0,0,0,0
2024-10-06,Indianapolis Colts,Jacksonville Jaguars,Matt Gay,Indianapolis Colts,4,0,2,0
2024-10-06,Indianapolis Colts,Jacksonville Jaguars,Rigoberto Sanchez,Indianapolis Colts,0,0,0,0
2024-10-06,Indianapolis Colts,Jacksonville Jaguars,Cam Little,Jacksonville Jaguars,4,0,3,0
2024-10-06,Indianapolis Colts,Jacksonville Jaguars,Logan Cooke,Jacksonville Jaguars,0,0,0,0
2024-10-06,Las Vegas Raiders,Denver Broncos,Daniel Carlson,Las Vegas Raiders,1,0,1,0
2024-10-06,Las Vegas Raiders,Denver Broncos,AJ Cole III,Las Vegas Raiders,0,0,0,0
2024-10-06,Las Vegas Raiders,Denver Broncos,Wil Lutz,Denver Broncos,4,0,2,0
2024-10-06,Las Vegas Raiders,Denver Broncos,Riley Dixon,Denver Broncos,0,0,0,0
2024-10-06,Miami Dolphins,New England Patriots,Jake Bailey,Miami Dolphins,0,0,0,0
2024-10-06,Miami Dolphins,New England Patriots,Jason Sanders,Miami Dolphins,0,0,3,1
2024-10-06,Miami Dolphins,New England Patriots,Joey Slye,New England Patriots,1,0,1,1
2024-10-06,Miami Dolphins,New England Patriots,Bryce Baringer,New England Patriots,0,0,0,0
2024-10-06,New York Giants,Seattle Seahawks,Greg Joseph,New York Giants,2,0,3,0
2024-10-06,New York Giants,Seattle Seahawks,Jamie Gillan,New York Giants,0,0,0,0
2024-10-06,New York Giants,Seattle Seahawks,Jason Myers,Seattle Seahawks,2,0,2,1
2024-10-06,New York Giants,Seattle Seahawks,Michael Dickson,Seattle Seahawks,0,0,0,0
2024-10-06,New York Jets,Minnesota Vikings,Greg Zuerlein,New York Jets,2,0,1,0
2024-10-06,New York Jets,Minnesota Vikings,Thomas Morstead,New York Jets,0,0,0,0
2024-10-06,New York Jets,Minnesota Vikings,Will Reichard,Minnesota Vikings,2,0,3,0
2024-10-06,New York Jets,Minnesota Vikings,Ryan Wright,Minnesota Vikings,0,0,0,0
2024-10-07,New Orleans Saints,Kansas City Chiefs,Blake Grupe,New Orleans Saints,1,1,0,0
2024-10-07,New Orleans Saints,Kansas City Chiefs,Matthew Hayball,New Orleans Saints,0,0,0,0
2024-10-07,New Orleans Saints,Kansas City Chiefs,Harrison Butker,Kansas City Chiefs,2,0,4,1
2024-10-07,New Orleans Saints,Kansas City Chiefs,Matt Araiza,Kansas City Chiefs,0,0,0,0
2024-10-10,San Francisco 49ers,Seattle Seahawks,Matthew Wright,San Francisco 49ers,3,0,3,0
2024-10-10,San Francisco 49ers,Seattle Seahawks,Mitch Wishnowsky,San Francisco 49ers,0,0,0,0
2024-10-10,San Francisco 49ers,Seattle Seahawks,Jason Myers,Seattle Seahawks,3,0,1,0
2024-10-10,San Francisco 49ers,Seattle Seahawks,Michael Dickson,Seattle Seahawks,0,0,0,0
2024-10-13,Arizona Cardinals,Green Bay Packers,Chad Ryland,Arizona Cardinals,1,0,2,0
2024-10-13,Arizona Cardinals,Green Bay Packers,Blake Gillikin,Arizona Cardinals,0,0,0,0
2024-10-13,Arizona Cardinals,Green Bay Packers,Brayden Narveson,Green Bay Packers,4,0,2,1
2024-10-13,Arizona Cardinals,Green Bay Packers,Daniel Whelan,Green Bay Packers,0,0,0,0
2024-10-13,Atlanta Falcons,Carolina Panthers,Younghoe Koo,Atlanta Falcons,3,0,3,0
2024-10-13,Atlanta Falcons,Carolina Panthers,Bradley Pinion,Atlanta Falcons,0,0,0,0
2024-10-13,Atlanta Falcons,Carolina Panthers,Eddy Piñeiro,Carolina Panthers,2,0,2,0
2024-10-13,Atlanta Falcons,Carolina Panthers,Johnny Hekker,Carolina Panthers,0,0,0,0
2024-10-13,Cincinnati Bengals,New York Giants,Evan McPherson,Cincinnati Bengals,2,0,1,0
2024-10-13,Cincinnati Bengals,New York Giants,Ryan Rehkow,Cincinnati Bengals,0,0,0,0
2024-10-13,Cincinnati Bengals,New York Giants,Greg Joseph,New York Giants,1,0,0,2
2024-10-13,Cincinnati Bengals,New York Giants,Matt Haack,New York Giants,0,0,0,0
2024-10-13,Cleveland Browns,Philadelphia Eagles,Dustin Hopkins,Cleveland Browns,1,0,3,1
2024-10-13,Cleveland Browns,Philadelphia Eagles,Corey Bojorquez,Cleveland Browns,0,0,0,0
2024-10-13,Cleveland Browns,Philadelphia Eagles,Jake Elliott,Philadelphia Eagles,2,0,2,1
2024-10-13,Cleveland Browns,Philadelphia Eagles,Braden Mann,Philadelphia Eagles,0,0,0,0
2024-10-13,Detroit Lions,Dallas Cowboys,Jake Bates,Detroit Lions,5,0,4,0
2024-10-13,Detroit Lions,Dallas Cowboys,Bryan Anger,Dallas Cowboys,0,0,0,0
2024-10-13,Detroit Lions,Dallas Cowboys,Brandon Aubrey,Dallas Cowboys,0,0,3,0
2024-10-13,Houston Texans,New England Patriots,Ka'imi Fairbairn,Houston Texans,5,0,2,1
2024-10-13,Houston Texans,New England Patriots,Tommy Townsend,Houston Texans,0,0,0,0
2024-10-13,Houston Texans,New England Patriots,Joey Slye,New England Patriots,3,0,0,0
2024-10-13,Houston Texans,New England Patriots,Bryce Baringer,New England Patriots,0,0,0,0
2024-10-13,Indianapolis Colts,Tennessee Titans,Matt Gay,Indianapolis Colts,2,0,2,0
2024-10-13,Indianapolis Colts,Tennessee Titans,Rigoberto Sanchez,Indianapolis Colts,0,0,0,0
2024-10-13,Indianapolis Colts,Tennessee Titans,Nick Folk,Tennessee Titans,2,0,1,0
2024-10-13,Indianapolis Colts,Tennessee Titans,Ryan Stonehouse,Tennessee Titans,0,0,0,0
2024-10-13,Jacksonville Jaguars,Chicago Bears,Cam Little,Jacksonville Jaguars,1,0,1,0
2024-10-13,Jacksonville Jaguars,Chicago Bears,Logan Cooke,Jacksonville Jaguars,0,0,0,0
2024-10-13,Jacksonville Jaguars,Chicago Bears,Cairo Santos,Chicago Bears,5,0,0,1
2024-10-13,Jacksonville Jaguars,Chicago Bears,Tory Taylor,Chicago Bears,0,0,0,0
2024-10-13,Los Angeles Chargers,Denver Broncos,Cameron Dicker,Los Angeles Chargers,2,0,3,0
2024-10-13,Los Angeles Chargers,Denver Broncos,JK Scott,Los Angeles Chargers,0,0,0,0
2024-10-13,Los Angeles Chargers,Denver Broncos,Wil Lutz,Denver Broncos,1,0,1,0
2024-10-13,Los Angeles Chargers,Denver Broncos,Riley Dixon,Denver Broncos,0,0,0,0
2024-10-13,Pittsburgh Steelers,Las Vegas Raiders,Chris Boswell,Pittsburgh Steelers,2,0,4,0
2024-10-13,Pittsburgh Steelers,Las Vegas Raiders,Corliss Waitman,Pittsburgh Steelers,0,0,0,0
2024-10-13,Pittsburgh Steelers,Las Vegas Raiders,Daniel Carlson,Las Vegas Raiders,1,0,0,0
2024-10-13,Pittsburgh Steelers,Las Vegas Raiders,AJ Cole III,Las Vegas Raiders,0,0,0,0
2024-10-13,Tampa Bay Buccaneers,New Orleans Saints,Chase McLaughlin,Tampa Bay Buccaneers,6,0,1,0
2024-10-13,Tampa Bay Buccaneers,New Orleans Saints,Jake Camarda,Tampa Bay Buccaneers,0,0,0,0
2024-10-13,Tampa Bay Buccaneers,New Orleans Saints,Blake Grupe,New Orleans Saints,3,0,2,0
2024-10-13,Tampa Bay Buccaneers,New Orleans Saints,Matthew Hayball,New Orleans Saints,0,0,0,0
2024-10-13,Washington Commanders,Baltimore Ravens,Austin Seibert,Washington Commanders,2,0,3,1
2024-10-13,Washington Commanders,Baltimore Ravens,Tress Way,Washington Commanders,0,0,0,0
2024-10-13,Washington Commanders,Baltimore Ravens,Justin Tucker,Baltimore Ravens,3,0,3,0
2024-10-13,Washington Commanders,Baltimore Ravens,Jordan Stout,Baltimore Ravens,0,0,0,0
2024-10-14,Buffalo Bills,New York Jets,Tyler Bass,Buffalo Bills,2,1,1,1
2024-10-14,Buffalo Bills,New York Jets,Sam Martin,Buffalo Bills,0,0,0,0
2024-10-14,Buffalo Bills,New York Jets,Greg Zuerlein,New York Jets,2,0,2,2
2024-10-14,Buffalo Bills,New York Jets,Thomas Morstead,New York Jets,0,0,0,0
2024-10-17,Denver Broncos,New Orleans Saints,Wil Lutz,Denver Broncos,3,0,4,0
2024-10-17,Denver Broncos,New Orleans Saints,Riley Dixon,Denver Broncos,0,0,0,0
2024-10-17,Denver Broncos,New Orleans Saints,Blake Grupe,New Orleans Saints,1,0,1,0
2024-10-17,Denver Broncos,New Orleans Saints,Matthew Hayball,New Orleans Saints,0,0,0,0
2024-10-20,Carolina Panthers,Washington Commanders,Eddy Piñeiro,Carolina Panthers,1,0,0,0
2024-10-20,Carolina Panthers,Washington Commanders,Johnny Hekker,Carolina Panthers,0,0,0,0
2024-10-20,Carolina Panthers,Washington Commanders,Austin Seibert,Washington Commanders,4,0,4,0
2024-10-20,Carolina Panthers,Washington Commanders,Tress Way,Washington Commanders,0,0,0,0
2024-10-20,Cincinnati Bengals,Cleveland Browns,Evan McPherson,Cincinnati Bengals,3,0,0,1
2024-10-20,Cincinnati Bengals,Cleveland Browns,Ryan Rehkow,Cincinnati Bengals,0,0,0,0
2024-10-20,Cincinnati Bengals,Cleveland Browns,Dustin Hopkins,Cleveland Browns,0,1,0,1
2024-10-20,Cincinnati Bengals,Cleveland Browns,Corey Bojorquez,Cleveland Browns,0,0,0,0
2024-10-20,Detroit Lions,Minnesota Vikings,Jake Bates,Detroit Lions,4,0,1,0
2024-10-20,Detroit Lions,Minnesota Vikings,Jack Fox,Detroit Lions,0,0,0,0
2024-10-20,Detroit Lions,Minnesota Vikings,Will Reichard,Minnesota Vikings,2,0,3,0
2024-10-20,Detroit Lions,Minnesota Vikings,Ryan Wright,Minnesota Vikings,0,0,0,0
2024-10-20,Houston Texans,Green Bay Packers,Ka'imi Fairbairn,Houston Texans,1,0,3,0
2024-10-20,Houston Texans,Green Bay Packers,Tommy Townsend,Houston Texans,0,0,0,0
2024-10-20,Houston Texans,Green Bay Packers,Brandon McManus,Green Bay Packers,3,0,1,0
2024-10-20,Houston Texans,Green Bay Packers,Daniel Whelan,Green Bay Packers,0,0,0,0
2024-10-20,Kansas City Chiefs,San Francisco 49ers,Harrison Butker,Kansas City Chiefs,4,0,0,0
2024-10-20,Kansas City Chiefs,San Francisco 49ers,Matt Araiza,Kansas City Chiefs,0,0,0,0
2024-10-20,Kansas City Chiefs,San Francisco 49ers,Anders Carlson,San Francisco 49ers,0,1,2,0
2024-10-20,Kansas City Chiefs,San Francisco 49ers,Mitch Wishnowsky,San Francisco 49ers,0,0,0,0
2024-10-20,Las Vegas Raiders,Los Angeles Rams,AJ Cole III,Las Vegas Raiders,0,0,0,0
2024-10-20,Las Vegas Raiders,Los Angeles Rams,Daniel Carlson,Las Vegas Raiders,0,0,5,0
2024-10-20,Las Vegas Raiders,Los Angeles Rams,Joshua Karty,Los Angeles Rams,2,1,0,1
2024-10-20,Las Vegas Raiders,Los Angeles Rams,Ethan Evans,Los Angeles Rams,0,0,0,0
2024-10-20,Miami Dolphins,Indianapolis Colts,Jason Sanders,Miami Dolphins,1,0,1,1
2024-10-20,Miami Dolphins,Indianapolis Colts,Jake Bailey,Miami Dolphins,0,0,0,0
2024-10-20,Miami Dolphins,Indianapolis Colts,Matt Gay,Indianapolis Colts,1,0,3,0
2024-10-20,Miami Dolphins,Indianapolis Colts,Rigoberto Sanchez,Indianapolis Colts,0,0,0,0
2024-10-20,New England Patriots,Jacksonville Jaguars,Joey Slye,New England Patriots,1,0,1,0
2024-10-20,New England Patriots,Jacksonville Jaguars,Bryce Baringer,New England Patriots,0,0,0,0
2024-10-20,New England Patriots,Jacksonville Jaguars,Cam Little,Jacksonville Jaguars,3,0,1,0
2024-10-20,New England Patriots,Jacksonville Jaguars,Logan Cooke,Jacksonville Jaguars,0,0,0,0
2024-10-20,New York Jets,Pittsburgh Steelers,Greg Zuerlein,New York Jets,1,0,0,1
2024-10-20,New York Jets,Pittsburgh Steelers,Thomas Morstead,New York Jets,0,0,0,0
2024-10-20,New York Jets,Pittsburgh Steelers,Chris Boswell,Pittsburgh Steelers,4,0,3,0
2024-10-20,New York Jets,Pittsburgh Steelers,Corliss Waitman,Pittsburgh Steelers,0,0,0,0
2024-10-20,Philadelphia Eagles,New York Giants,Jake Elliott,Philadelphia Eagles,4,0,0,0
2024-10-20,Philadelphia Eagles,New York Giants,Braden Mann,Philadelphia Eagles,0,0,0,0
2024-10-20,Philadelphia Eagles,New York Giants,Matt Haack,New York Giants,0,0,0,0
2024-10-20,Philadelphia Eagles,New York Giants,Greg Joseph,New York Giants,0,0,1,0
2024-10-20,Seattle Seahawks,Atlanta Falcons,Jason Myers,Seattle Seahawks,4,0,2,0
2024-10-20,Seattle Seahawks,Atlanta Falcons,Michael Dickson,Seattle Seahawks,0,0,0,0
2024-10-20,Seattle Seahawks,Atlanta Falcons,Younghoe Koo,Atlanta Falcons,2,0,0,1
2024-10-20,Seattle Seahawks,Atlanta Falcons,Bradley Pinion,Atlanta Falcons,0,0,0,0
2024-10-20,Tennessee Titans,Buffalo Bills,Nick Folk,Tennessee Titans,1,0,1,0
2024-10-20,Tennessee Titans,Buffalo Bills,Ryan Stonehouse,Tennessee Titans,0,0,0,0
2024-10-20,Tennessee Titans,Buffalo Bills,Tyler Bass,Buffalo Bills,4,0,2,0
2024-10-20,Tennessee Titans,Buffalo Bills,Sam Martin,Buffalo Bills,0,0,0,0
2024-10-21,Baltimore Ravens,Tampa Bay Buccaneers,Justin Tucker,Baltimore Ravens,5,0,2,0
2024-10-21,Baltimore Ravens,Tampa Bay Buccaneers,Jordan Stout,Baltimore Ravens,0,0,0,0
2024-10-21,Baltimore Ravens,Tampa Bay Buccaneers,Chase McLaughlin,Tampa Bay Buccaneers,2,0,1,1
2024-10-21,Baltimore Ravens,Tampa Bay Buccaneers,Trenton Gill,Tampa Bay Buccaneers,0,0,0,0
2024-10-21,Los Angeles Chargers,Arizona Cardinals,JK Scott,Los Angeles Chargers,0,0,0,0
2024-10-21,Los Angeles Chargers,Arizona Cardinals,Cameron Dicker,Los Angeles Chargers,0,0,5,0
2024-10-21,Los Angeles Chargers,Arizona Cardinals,Chad Ryland,Arizona Cardinals,2,0,1,0
2024-10-21,Los Angeles Chargers,Arizona Cardinals,Blake Gillikin,Arizona Cardinals,0,0,0,0
2024-10-24,Minnesota Vikings,Los Angeles Rams,Will Reichard,Minnesota Vikings,2,0,2,0
2024-10-24,Minnesota Vikings,Los Angeles Rams,Ryan Wright,Minnesota Vikings,0,0,0,0
2024-10-24,Minnesota Vikings,Los Angeles Rams,Joshua Karty,Los Angeles Rams,4,0,0,0
2024-10-24,Minnesota Vikings,Los Angeles Rams,Ethan Evans,Los Angeles Rams,0,0,0,0
2024-10-27,Arizona Cardinals,Miami Dolphins,Chad Ryland,Arizona Cardinals,2,0,2,0
2024-10-27,Arizona Cardinals,Miami Dolphins,Blake Gillikin,Arizona Cardinals,0,0,0,0
2024-10-27,Arizona Cardinals,Miami Dolphins,Jason Sanders,Miami Dolphins,3,0,2,0
2024-10-27,Arizona Cardinals,Miami Dolphins,Jake Bailey,Miami Dolphins,0,0,0,0
2024-10-27,Atlanta Falcons,Tampa Bay Buccaneers,Younghoe Koo,Atlanta Falcons,4,0,1,1
2024-10-27,Atlanta Falcons,Tampa Bay Buccaneers,Bradley Pinion,Atlanta Falcons,0,0,0,0
2024-10-27,Atlanta Falcons,Tampa Bay Buccaneers,Chase McLaughlin,Tampa Bay Buccaneers,3,0,1,0
2024-10-27,Atlanta Falcons,Tampa Bay Buccaneers,Trenton Gill,Tampa Bay Buccaneers,0,0,0,0
2024-10-27,Baltimore Ravens,Cleveland Browns,Justin Tucker,Baltimore Ravens,3,0,1,1
2024-10-27,Baltimore Ravens,Cleveland Browns,Jordan Stout,Baltimore Ravens,0,0,0,0
2024-10-27,Baltimore Ravens,Cleveland Browns,Dustin Hopkins,Cleveland Browns,2,0,3,0
2024-10-27,Baltimore Ravens,Cleveland Browns,Corey Bojorquez,Cleveland Browns,0,0,0,0
2024-10-27,Buffalo Bills,Seattle Seahawks,Tyler Bass,Buffalo Bills,4,0,1,0
2024-10-27,Buffalo Bills,Seattle Seahawks,Sam Martin,Buffalo Bills,0,0,0,0
2024-10-27,Buffalo Bills,Seattle Seahawks,Jason Myers,Seattle Seahawks,1,0,1,0
2024-10-27,Buffalo Bills,Seattle Seahawks,Michael Dickson,Seattle Seahawks,0,0,0,0
2024-10-27,Carolina Panthers,Denver Broncos,Eddy Piñeiro,Carolina Panthers,2,0,0,0
2024-10-27,Carolina Panthers,Denver Broncos,Johnny Hekker,Carolina Panthers,0,0,0,0
2024-10-27,Carolina Panthers,Denver Broncos,Wil Lutz,Denver Broncos,4,0,0,0
2024-10-27,Carolina Panthers,Denver Broncos,Riley Dixon,Denver Broncos,0,0,0,0
2024-10-27,Chicago Bears,Washington Commanders,Cairo Santos,Chicago Bears,1,0,0,0
2024-10-27,Chicago Bears,Washington Commanders,Tory Taylor,Chicago Bears,0,0,0,0
2024-10-27,Chicago Bears,Washington Commanders,Tress Way,Washington Commanders,0,0,0,0
2024-10-27,Chicago Bears,Washington Commanders,Austin Seibert,Washington Commanders,0,0,4,1
2024-10-27,Dallas Cowboys,San Francisco 49ers,Brandon Aubrey,Dallas Cowboys,3,0,1,0
2024-10-27,Dallas Cowboys,San Francisco 49ers,Bryan Anger,Dallas Cowboys,0,0,0,0
2024-10-27,Dallas Cowboys,San Francisco 49ers,Anders Carlson,San Francisco 49ers,3,0,3,0
2024-10-27,Dallas Cowboys,San Francisco 49ers,Mitch Wishnowsky,San Francisco 49ers,0,0,0,0
2024-10-27,Green Bay Packers,Jacksonville Jaguars,Brandon McManus,Green Bay Packers,3,0,3,0
2024-10-27,Green Bay Packers,Jacksonville Jaguars,Daniel Whelan,Green Bay Packers,0,0,0,0
2024-10-27,Green Bay Packers,Jacksonville Jaguars,Cam Little,Jacksonville Jaguars,3,0,2,0
2024-10-27,Green Bay Packers,Jacksonville Jaguars,Logan Cooke,Jacksonville Jaguars,0,0,0,0
2024-10-27,Indianapolis Colts,Houston Texans,Matt Gay,Indianapolis Colts,2,0,2,0
2024-10-27,Indianapolis Colts,Houston Texans,Rigoberto Sanchez,Indianapolis Colts,0,0,0,0
2024-10-27,Indianapolis Colts,Houston Texans,Ka'imi Fairbairn,Houston Texans,2,0,3,0
2024-10-27,Indianapolis Colts,Houston Texans,Tommy Townsend,Houston Texans,0,0,0,0
2024-10-27,Kansas City Chiefs,Las Vegas Raiders,Harrison Butker,Kansas City Chiefs,3,0,2,0
2024-10-27,Kansas City Chiefs,Las Vegas Raiders,Matt Araiza,Kansas City Chiefs,0,0,0,0
2024-10-27,Kansas City Chiefs,Las Vegas Raiders,Daniel Carlson,Las Vegas Raiders,2,0,2,0
2024-10-27,Kansas City Chiefs,Las Vegas Raiders,AJ Cole III,Las Vegas Raiders,0,0,0,0
2024-10-27,New Orleans Saints,Los Angeles Chargers,Matthew Hayball,New Orleans Saints,0,0,0,0
2024-10-27,New Orleans Saints,Los Angeles Chargers,Blake Grupe,New Orleans Saints,0,0,2,1
2024-10-27,New Orleans Saints,Los Angeles Chargers,Cameron Dicker,Los Angeles Chargers,2,1,2,0
2024-10-27,New Orleans Saints,Los Angeles Chargers,JK Scott,Los Angeles Chargers,0,0,0,0
2024-10-27,New York Jets,New England Patriots,Greg Zuerlein,New York Jets,1,1,1,1
2024-10-27,New York Jets,New England Patriots,Thomas Morstead,New York Jets,0,0,0,0
2024-10-27,New York Jets,New England Patriots,Joey Slye,New England Patriots,2,0,1,0
2024-10-27,New York Jets,New England Patriots,Bryce Baringer,New England Patriots,0,0,0,0
2024-10-27,Philadelphia Eagles,Cincinnati Bengals,Jake Elliott,Philadelphia Eagles,4,0,3,0
2024-10-27,Philadelphia Eagles,Cincinnati Bengals,Braden Mann,Philadelphia Eagles,0,0,0,0
2024-10-27,Philadelphia Eagles,Cincinnati Bengals,Evan McPherson,Cincinnati Bengals,2,0,1,1
2024-10-27,Tennessee Titans,Detroit Lions,Nick Folk,Tennessee Titans,2,0,0,0
2024-10-27,Tennessee Titans,Detroit Lions,Ryan Stonehouse,Tennessee Titans,0,0,0,0
2024-10-27,Tennessee Titans,Detroit Lions,Jake Bates,Detroit Lions,7,0,1,0
2024-10-27,Tennessee Titans,Detroit Lions,Jack Fox,Detroit Lions,0,0,0,0
2024-10-28,New York Giants,Pittsburgh Steelers,Matt Haack,New York Giants,0,0,0,0
2024-10-28,New York Giants,Pittsburgh Steelers,Greg Joseph,New York Giants,0,0,4,0
2024-10-28,New York Giants,Pittsburgh Steelers,Chris Boswell,Pittsburgh Steelers,2,0,4,0
2024-10-28,New York Giants,Pittsburgh Steelers,Corliss Waitman,Pittsburgh Steelers,0,0,0,0
2024-10-31,Houston Texans,New York Jets,Ka'imi Fairbairn,Houston Texans,1,0,2,2
2024-10-31,Houston Texans,New York Jets,Tommy Townsend,Houston Texans,0,0,0,0
2024-10-31,Houston Texans,New York Jets,Riley Patterson,New York Jets,3,0,0,0
2024-10-31,Houston Texans,New York Jets,Thomas Morstead,New York Jets,0,0,0,0
2024-11-03,Chicago Bears,Arizona Cardinals,Tory Taylor,Chicago Bears,0,0,0,0
2024-11-03,Chicago Bears,Arizona Cardinals,Cairo Santos,Chicago Bears,0,0,3,0
2024-11-03,Chicago Bears,Arizona Cardinals,Chad Ryland,Arizona Cardinals,3,0,2,0
2024-11-03,Chicago Bears,Arizona Cardinals,Blake Gillikin,Arizona Cardinals,0,0,0,0
2024-11-03,Dallas Cowboys,Atlanta Falcons,Brandon Aubrey,Dallas Cowboys,1,0,2,0
2024-11-03,Dallas Cowboys,Atlanta Falcons,Bryan Anger,Dallas Cowboys,0,0,0,0
2024-11-03,Dallas Cowboys,Atlanta Falcons,Younghoe Koo,Atlanta Falcons,3,0,0,0
2024-11-03,Dallas Cowboys,Atlanta Falcons,Bradley Pinion,Atlanta Falcons,0,0,0,0
2024-11-03,Denver Broncos,Baltimore Ravens,Wil Lutz,Denver Broncos,1,0,1,0
2024-11-03,Denver Broncos,Baltimore Ravens,Riley Dixon,Denver Broncos,0,0,0,0
2024-11-03,Denver Broncos,Baltimore Ravens,Justin Tucker,Baltimore Ravens,5,0,2,0
2024-11-03,Denver Broncos,Baltimore Ravens,Jordan Stout,Baltimore Ravens,0,0,0,0
2024-11-03,Detroit Lions,Green Bay Packers,Jake Bates,Detroit Lions,3,0,1,0
2024-11-03,Detroit Lions,Green Bay Packers,Jack Fox,Detroit Lions,0,0,0,0
2024-11-03,Detroit Lions,Green Bay Packers,Daniel Whelan,Green Bay Packers,0,0,0,0
2024-11-03,Detroit Lions,Green Bay Packers,Brandon McManus,Green Bay Packers,0,0,2,1
2024-11-03,Indianapolis Colts,Minnesota Vikings,Matt Gay,Indianapolis Colts,1,0,2,1
2024-11-03,Indianapolis Colts,Minnesota Vikings,Rigoberto Sanchez,Indianapolis Colts,0,0,0,0
2024-11-03,Indianapolis Colts,Minnesota Vikings,Will Reichard,Minnesota Vikings,3,0,0,2
2024-11-03,Indianapolis Colts,Minnesota Vikings,Ryan Wright,Minnesota Vikings,0,0,0,0
2024-11-03,Jacksonville Jaguars,Philadelphia Eagles,Cam Little,Jacksonville Jaguars,1,0,0,0
2024-11-03,Jacksonville Jaguars,Philadelphia Eagles,Logan Cooke,Jacksonville Jaguars,0,0,0,0
2024-11-03,Jacksonville Jaguars,Philadelphia Eagles,Jake Elliott,Philadelphia Eagles,1,0,1,1
2024-11-03,Jacksonville Jaguars,Philadelphia Eagles,Braden Mann,Philadelphia Eagles,0,0,0,0
2024-11-03,Las Vegas Raiders,Cincinnati Bengals,Daniel Carlson,Las Vegas Raiders,3,0,1,0
2024-11-03,Las Vegas Raiders,Cincinnati Bengals,AJ Cole III,Las Vegas Raiders,0,0,0,0
2024-11-03,Las Vegas Raiders,Cincinnati Bengals,Evan McPherson,Cincinnati Bengals,5,0,2,0
2024-11-03,Las Vegas Raiders,Cincinnati Bengals,Ryan Rehkow,Cincinnati Bengals,0,0,0,0
2024-11-03,Los Angeles Chargers,Cleveland Browns,Cameron Dicker,Los Angeles Chargers,3,1,0,1
2024-11-03,Los Angeles Chargers,Cleveland Browns,JK Scott,Los Angeles Chargers,0,0,0,0
2024-11-03,Los Angeles Chargers,Cleveland Browns,Dustin Hopkins,Cleveland Browns,1,0,1,1
2024-11-03,Los Angeles Chargers,Cleveland Browns,Corey Bojorquez,Cleveland Browns,0,0,0,0
2024-11-03,Los Angeles Rams,Seattle Seahawks,Joshua Karty,Los Angeles Rams,2,0,2,0
2024-11-03,Los Angeles Rams,Seattle Seahawks,Ty Zentner,Los Angeles Rams,0,0,0,0
2024-11-03,Los Angeles Rams,Seattle Seahawks,Jason Myers,Seattle Seahawks,2,1,0,0
2024-11-03,Los Angeles Rams,Seattle Seahawks,Michael Dickson,Seattle Seahawks,0,0,0,0
2024-11-03,Miami Dolphins,Buffalo Bills,Jason Sanders,Miami Dolphins,3,0,2,0
2024-11-03,Miami Dolphins,Buffalo Bills,Jake Bailey,Miami Dolphins,0,0,0,0
2024-11-03,Miami Dolphins,Buffalo Bills,Tyler Bass,Buffalo Bills,1,1,3,0
2024-11-03,Miami Dolphins,Buffalo Bills,Sam Martin,Buffalo Bills,0,0,0,0
2024-11-03,New England Patriots,Tennessee Titans,Joey Slye,New England Patriots,2,0,1,1
2024-11-03,New England Patriots,Tennessee Titans,Bryce Baringer,New England Patriots,0,0,0,0
2024-11-03,New England Patriots,Tennessee Titans,Nick Folk,Tennessee Titans,2,0,2,0
2024-11-03,New England Patriots,Tennessee Titans,Ryan Stonehouse,Tennessee Titans,0,0,0,0
2024-11-03,New Orleans Saints,Carolina Panthers,Blake Grupe,New Orleans Saints,1,0,3,0
2024-11-03,New Orleans Saints,Carolina Panthers,Matthew Hayball,New Orleans Saints,0,0,0,0
2024-11-03,New Orleans Saints,Carolina Panthers,Eddy Piñeiro,Carolina Panthers,2,0,1,0
2024-11-03,New Orleans Saints,Carolina Panthers,Johnny Hekker,Carolina Panthers,0,0,0,0
2024-11-03,Washington Commanders,New York Giants,Austin Seibert,Washington Commanders,3,0,2,0
2024-11-03,Washington Commanders,New York Giants,Tress Way,Washington Commanders,0,0,0,0
2024-11-03,Washington Commanders,New York Giants,Jude McAtamney,New York Giants,1,0,1,0
2024-11-03,Washington Commanders,New York Giants,Matt Haack,New York Giants,0,0,0,0
2024-11-04,Tampa Bay Buccaneers,Kansas City Chiefs,Chase McLaughlin,Tampa Bay Buccaneers,3,0,1,0
2024-11-04,Tampa Bay Buccaneers,Kansas City Chiefs,Trenton Gill,Tampa Bay Buccaneers,0,0,0,0
2024-11-04,Tampa Bay Buccaneers,Kansas City Chiefs,Harrison Butker,Kansas City Chiefs,3,0,1,0
2024-11-04,Tampa Bay Buccaneers,Kansas City Chiefs,Matt Araiza,Kansas City Chiefs,0,0,0,0
2024-11-07,Cincinnati Bengals,Baltimore Ravens,Evan McPherson,Cincinnati Bengals,4,0,0,0
2024-11-07,Cincinnati Bengals,Baltimore Ravens,Ryan Rehkow,Cincinnati Bengals,0,0,0,0
2024-11-07,Cincinnati Bengals,Baltimore Ravens,Justin Tucker,Baltimore Ravens,3,1,0,0
2024-11-07,Cincinnati Bengals,Baltimore Ravens,Jordan Stout,Baltimore Ravens,0,0,0,0
2024-11-10,Atlanta Falcons,New Orleans Saints,Younghoe Koo,Atlanta Falcons,2,0,1,3
2024-11-10,Atlanta Falcons,New Orleans Saints,Bradley Pinion,Atlanta Falcons,0,0,0,0
2024-11-10,Atlanta Falcons,New Orleans Saints,Blake Grupe,New Orleans Saints,2,0,2,0
2024-11-10,Atlanta Falcons,New Orleans Saints,Matthew Hayball,New Orleans Saints,0,0,0,0
2024-11-10,Buffalo Bills,Indianapolis Colts,Tyler Bass,Buffalo Bills,3,0,3,0
2024-11-10,Buffalo Bills,Indianapolis Colts,Sam Martin,Buffalo Bills,0,0,0,0
2024-11-10,Buffalo Bills,Indianapolis Colts,Matt Gay,Indianapolis Colts,2,0,2,0
2024-11-10,Buffalo Bills,Indianapolis Colts,Rigoberto Sanchez,Indianapolis Colts,0,0,0,0
2024-11-10,Denver Broncos,Kansas City Chiefs,Wil Lutz,Denver Broncos,2,0,0,2
2024-11-10,Denver Broncos,Kansas City Chiefs,Riley Dixon,Denver Broncos,0,0,0,0
2024-11-10,Denver Broncos,Kansas City Chiefs,Harrison Butker,Kansas City Chiefs,1,0,3,0
2024-11-10,Denver Broncos,Kansas City Chiefs,Matt Araiza,Kansas City Chiefs,0,0,0,0
2024-11-10,Detroit Lions,Houston Texans,Jake Bates,Detroit Lions,2,0,2,0
2024-11-10,Detroit Lions,Houston Texans,Jack Fox,Detroit Lions,0,0,0,0
2024-11-10,Detroit Lions,Houston Texans,Ka'imi Fairbairn,Houston Texans,2,0,3,1
2024-11-10,Detroit Lions,Houston Texans,Tommy Townsend,Houston Texans,0,0,0,0
2024-11-10,Minnesota Vikings,Jacksonville Jaguars,Ryan Wright,Minnesota Vikings,0,0,0,0
2024-11-10,Minnesota Vikings,Jacksonville Jaguars,John Parker Romo,Minnesota Vikings,0,0,4,0
2024-11-10,Minnesota Vikings,Jacksonville Jaguars,Cam Little,Jacksonville Jaguars,1,0,0,0
2024-11-10,Minnesota Vikings,Jacksonville Jaguars,Logan Cooke,Jacksonville Jaguars,0,0,0,0
2024-11-10,New England Patriots,Chicago Bears,Joey Slye,New England Patriots,1,0,4,0
2024-11-10,New England Patriots,Chicago Bears,Bryce Baringer,New England Patriots,0,0,0,0
2024-11-10,New England Patriots,Chicago Bears,Tory Taylor,Chicago Bears,0,0,0,0
2024-11-10,New England Patriots,Chicago Bears,Cairo Santos,Chicago Bears,0,0,1,0
2024-11-10,New York Giants,Carolina Panthers,Graham Gano,New York Giants,2,0,1,1
2024-11-10,New York Giants,Carolina Panthers,Jamie Gillan,New York Giants,0,0,0,0
2024-11-10,New York Giants,Carolina Panthers,Eddy Piñeiro,Carolina Panthers,2,0,2,0
2024-11-10,New York Giants,Carolina Panthers,Johnny Hekker,Carolina Panthers,0,0,0,0
2024-11-10,New York Jets,Arizona Cardinals,Thomas Morstead,New York Jets,0,0,0,0
2024-11-10,New York Jets,Arizona Cardinals,Spencer Shrader,New York Jets,0,0,2,0
2024-11-10,New York Jets,Arizona Cardinals,Chad Ryland,Arizona Cardinals,4,0,1,0
2024-11-10,New York Jets,Arizona Cardinals,Blake Gillikin,Arizona Cardinals,0,0,0,0
2024-11-10,Philadelphia Eagles,Dallas Cowboys,Jake Elliott,Philadelphia Eagles,4,0,2,0
2024-11-10,Philadelphia Eagles,Dallas Cowboys,Braden Mann,Philadelphia Eagles,0,0,0,0
2024-11-10,Philadelphia Eagles,Dallas Cowboys,Bryan Anger,Dallas Cowboys,0,0,0,0
2024-11-10,Philadelphia Eagles,Dallas Cowboys,Brandon Aubrey,Dallas Cowboys,0,0,2,0
2024-11-10,Pittsburgh Steelers,Washington Commanders,Chris Boswell,Pittsburgh Steelers,4,0,0,0
2024-11-10,Pittsburgh Steelers,Washington Commanders,Corliss Waitman,Pittsburgh Steelers,0,0,0,0
2024-11-10,Pittsburgh Steelers,Washington Commanders,Zane Gonzalez,Washington Commanders,3,0,2,0
2024-11-10,Pittsburgh Steelers,Washington Commanders,Tress Way,Washington Commanders,0,0,0,0
2024-11-10,San Francisco 49ers,Tampa Bay Buccaneers,Jake Moody,San Francisco 49ers,2,0,3,3
2024-11-10,San Francisco 49ers,Tampa Bay Buccaneers,Mitch Wishnowsky,San Francisco 49ers,0,0,0,0
2024-11-10,San Francisco 49ers,Tampa Bay Buccaneers,Chase McLaughlin,Tampa Bay Buccaneers,2,0,2,0
2024-11-10,San Francisco 49ers,Tampa Bay Buccaneers,Trenton Gill,Tampa Bay Buccaneers,0,0,0,0
2024-11-10,Tennessee Titans,Los Angeles Chargers,Nick Folk,Tennessee Titans,2,0,1,1
2024-11-10,Tennessee Titans,Los Angeles Chargers,Ryan Stonehouse,Tennessee Titans,0,0,0,0
2024-11-10,Tennessee Titans,Los Angeles Chargers,Cameron Dicker,Los Angeles Chargers,3,0,2,0
2024-11-10,Tennessee Titans,Los Angeles Chargers,JK Scott,Los Angeles Chargers,0,0,0,0
2024-11-11,Miami Dolphins,Los Angeles Rams,Jason Sanders,Miami Dolphins,2,0,3,0
2024-11-11,Miami Dolphins,Los Angeles Rams,Jake Bailey,Miami Dolphins,0,0,0,0
2024-11-11,Miami Dolphins,Los Angeles Rams,Ethan Evans,Los Angeles Rams,0,0,0,0
2024-11-11,Miami Dolphins,Los Angeles Rams,Joshua Karty,Los Angeles Rams,0,0,5,1
2024-11-14,Washington Commanders,Philadelphia Eagles,Zane Gonzalez,Washington Commanders,1,0,1,0
2024-11-14,Washington Commanders,Philadelphia Eagles,Tress Way,Washington Commanders,0,0,0,0
2024-11-14,Washington Commanders,Philadelphia Eagles,Jake Elliott,Philadelphia Eagles,2,1,2,2
2024-11-14,Washington Commanders,Philadelphia Eagles,Braden Mann,Philadelphia Eagles,0,0,0,0
2024-11-17,Atlanta Falcons,Denver Broncos,Bradley Pinion,Atlanta Falcons,0,0,0,0
2024-11-17,Atlanta Falcons,Denver Broncos,Younghoe Koo,Atlanta Falcons,0,0,2,0
2024-11-17,Atlanta Falcons,Denver Broncos,Wil Lutz,Denver Broncos,5,0,1,0
2024-11-17,Atlanta Falcons,Denver Broncos,Riley Dixon,Denver Broncos,0,0,0,0
2024-11-17,Baltimore Ravens,Pittsburgh Steelers,Justin Tucker,Baltimore Ravens,1,0,1,2
2024-11-17,Baltimore Ravens,Pittsburgh Steelers,Jordan Stout,Baltimore Ravens,0,0,0,0
2024-11-17,Baltimore Ravens,Pittsburgh Steelers,Corliss Waitman,Pittsburgh Steelers,0,0,0,0
2024-11-17,Baltimore Ravens,Pittsburgh Steelers,Chris Boswell,Pittsburgh Steelers,0,0,6,0
2024-11-17,Cincinnati Bengals,Los Angeles Chargers,Evan McPherson,Cincinnati Bengals,3,0,2,2
2024-11-17,Cincinnati Bengals,Los Angeles Chargers,Ryan Rehkow,Cincinnati Bengals,0,0,0,0
2024-11-17,Cincinnati Bengals,Los Angeles Chargers,Cameron Dicker,Los Angeles Chargers,4,0,2,0
2024-11-17,Cincinnati Bengals,Los Angeles Chargers,JK Scott,Los Angeles Chargers,0,0,0,0
2024-11-17,Cleveland Browns,New Orleans Saints,Corey Bojorquez,Cleveland Browns,0,0,0,0
2024-11-17,Cleveland Browns,New Orleans Saints,Dustin Hopkins,Cleveland Browns,0,0,0,2
2024-11-17,Cleveland Browns,New Orleans Saints,Blake Grupe,New Orleans Saints,5,0,0,0
2024-11-17,Cleveland Browns,New Orleans Saints,Matthew Hayball,New Orleans Saints,0,0,0,0
2024-11-17,Green Bay Packers,Chicago Bears,Brandon McManus,Green Bay Packers,2,0,0,0
2024-11-17,Green Bay Packers,Chicago Bears,Daniel Whelan,Green Bay Packers,0,0,0,0
2024-11-17,Green Bay Packers,Chicago Bears,Cairo Santos,Chicago Bears,1,0,2,1
2024-11-17,Green Bay Packers,Chicago Bears,Tory Taylor,Chicago Bears,0,0,0,0
2024-11-17,Indianapolis Colts,New York Jets,Matt Gay,Indianapolis Colts,1,0,3,0
2024-11-17,Indianapolis Colts,New York Jets,Rigoberto Sanchez,Indianapolis Colts,0,0,0,0
2024-11-17,Indianapolis Colts,New York Jets,Anders Carlson,New York Jets,3,0,2,0
2024-11-17,Indianapolis Colts,New York Jets,Thomas Morstead,New York Jets,0,0,0,0
2024-11-17,Jacksonville Jaguars,Detroit Lions,Logan Cooke,Jacksonville Jaguars,0,0,0,0
2024-11-17,Jacksonville Jaguars,Detroit Lions,Cam Little,Jacksonville Jaguars,0,0,2,0
2024-11-17,Jacksonville Jaguars,Detroit Lions,Jake Bates,Detroit Lions,7,0,1,0
2024-11-17,Kansas City Chiefs,Buffalo Bills,Spencer Shrader,Kansas City Chiefs,3,0,0,0
2024-11-17,Kansas City Chiefs,Buffalo Bills,Matt Araiza,Kansas City Chiefs,0,0,0,0
2024-11-17,Kansas City Chiefs,Buffalo Bills,Tyler Bass,Buffalo Bills,3,1,1,0
2024-11-17,Kansas City Chiefs,Buffalo Bills,Sam Martin,Buffalo Bills,0,0,0,0
2024-11-17,Las Vegas Raiders,Miami Dolphins,Daniel Carlson,Las Vegas Raiders,1,0,2,0
2024-11-17,Las Vegas Raiders,Miami Dolphins,AJ Cole III,Las Vegas Raiders,0,0,0,0
2024-11-17,Las Vegas Raiders,Miami Dolphins,Jason Sanders,Miami Dolphins,4,0,2,0
2024-11-17,Los Angeles Rams,New England Patriots,Joshua Karty,Los Angeles Rams,4,0,0,1
2024-11-17,Los Angeles Rams,New England Patriots,Ethan Evans,Los Angeles Rams,0,0,0,0
2024-11-17,Los Angeles Rams,New England Patriots,Joey Slye,New England Patriots,1,1,3,0
2024-11-17,Los Angeles Rams,New England Patriots,Bryce Baringer,New England Patriots,0,0,0,0
2024-11-17,Minnesota Vikings,Tennessee Titans,John Parker Romo,Minnesota Vikings,2,1,1,0
2024-11-17,Minnesota Vikings,Tennessee Titans,Ryan Wright,Minnesota Vikings,0,0,0,0
2024-11-17,Minnesota Vikings,Tennessee Titans,Nick Folk,Tennessee Titans,1,0,2,0
2024-11-17,Minnesota Vikings,Tennessee Titans,Ryan Stonehouse,Tennessee Titans,0,0,0,0
2024-11-17,Seattle Seahawks,San Francisco 49ers,Jason Myers,Seattle Seahawks,2,0,2,0
2024-11-17,Seattle Seahawks,San Francisco 49ers,Michael Dickson,Seattle Seahawks,0,0,0,0
2024-11-17,Seattle Seahawks,San Francisco 49ers,Jake Moody,San Francisco 49ers,2,0,1,0
2024-11-17,Seattle Seahawks,San Francisco 49ers,Pat O'Donnell,San Francisco 49ers,0,0,0,0
2024-11-18,Houston Texans,Dallas Cowboys,Ka'imi Fairbairn,Houston Texans,4,0,2,0
2024-11-18,Houston Texans,Dallas Cowboys,Tommy Townsend,Houston Texans,0,0,0,0
2024-11-18,Houston Texans,Dallas Cowboys,Brandon Aubrey,Dallas Cowboys,1,0,1,1
2024-11-18,Houston Texans,Dallas Cowboys,Bryan Anger,Dallas Cowboys,0,0,0,0
2024-11-21,Pittsburgh Steelers,Cleveland Browns,Chris Boswell,Pittsburgh Steelers,1,0,2,1
2024-11-21,Pittsburgh Steelers,Cleveland Browns,Corliss Waitman,Pittsburgh Steelers,0,0,0,0
2024-11-21,Pittsburgh Steelers,Cleveland Browns,Dustin Hopkins,Cleveland Browns,1,0,1,0
2024-11-21,Pittsburgh Steelers,Cleveland Browns,Corey Bojorquez,Cleveland Browns,0,0,0,0
2024-11-24,Arizona Cardinals,Seattle Seahawks,Blake Gillikin,Arizona Cardinals,0,0,0,0
2024-11-24,Arizona Cardinals,Seattle Seahawks,Chad Ryland,Arizona Cardinals,0,0,2,1
2024-11-24,Arizona Cardinals,Seattle Seahawks,Jason Myers,Seattle Seahawks,1,1,1,0
2024-11-24,Arizona Cardinals,Seattle Seahawks,Michael Dickson,Seattle Seahawks,0,0,0,0
2024-11-24,Dallas Cowboys,Washington Commanders,Brandon Aubrey,Dallas Cowboys,4,0,2,2
2024-11-24,Dallas Cowboys,Washington Commanders,Bryan Anger,Dallas Cowboys,0,0,0,0
2024-11-24,Dallas Cowboys,Washington Commanders,Austin Seibert,Washington Commanders,0,2,2,1
2024-11-24,Dallas Cowboys,Washington Commanders,Tress Way,Washington Commanders,0,0,0,0
2024-11-24,Denver Broncos,Las Vegas Raiders,Wil Lutz,Denver Broncos,2,0,5,0
2024-11-24,Denver Broncos,Las Vegas Raiders,Riley Dixon,Denver Broncos,0,0,0,0
2024-11-24,Denver Broncos,Las Vegas Raiders,Daniel Carlson,Las Vegas Raiders,1,0,4,0
2024-11-24,Denver Broncos,Las Vegas Raiders,AJ Cole III,Las Vegas Raiders,0,0,0,0
2024-11-24,Detroit Lions,Indianapolis Colts,Jake Bates,Detroit Lions,3,0,1,0
2024-11-24,Detroit Lions,Indianapolis Colts,Jack Fox,Detroit Lions,0,0,0,0
2024-11-24,Detroit Lions,Indianapolis Colts,Rigoberto Sanchez,Indianapolis Colts,0,0,0,0
2024-11-24,Detroit Lions,Indianapolis Colts,Matt Gay,Indianapolis Colts,0,0,2,0
2024-11-24,Kansas City Chiefs,Carolina Panthers,Spencer Shrader,Kansas City Chiefs,3,0,3,0
2024-11-24,Kansas City Chiefs,Carolina Panthers,Matt Araiza,Kansas City Chiefs,0,0,0,0
2024-11-24,Kansas City Chiefs,Carolina Panthers,Eddy Piñeiro,Carolina Panthers,1,0,4,0
2024-11-24,Kansas City Chiefs,Carolina Panthers,Johnny Hekker,Carolina Panthers,0,0,0,0
2024-11-24,Minnesota Vikings,Chicago Bears,John Parker Romo,Minnesota Vikings,3,0,3,0
2024-11-24,Minnesota Vikings,Chicago Bears,Ryan Wright,Minnesota Vikings,0,0,0,0
2024-11-24,Minnesota Vikings,Chicago Bears,Cairo Santos,Chicago Bears,1,0,2,1
2024-11-24,Minnesota Vikings,Chicago Bears,Tory Taylor,Chicago Bears,0,0,0,0
2024-11-24,New England Patriots,Miami Dolphins,Joey Slye,New England Patriots,1,0,0,1
2024-11-24,New England Patriots,Miami Dolphins,Bryce Baringer,New England Patriots,0,0,0,0
2024-11-24,New England Patriots,Miami Dolphins,Jason Sanders,Miami Dolphins,4,0,2,0
2024-11-24,New England Patriots,Miami Dolphins,Jake Bailey,Miami Dolphins,0,0,0,0
2024-11-24,Philadelphia Eagles,Los Angeles Rams,Jake Elliott,Philadelphia Eagles,4,0,3,0
2024-11-24,Philadelphia Eagles,Los Angeles Rams,Braden Mann,Philadelphia Eagles,0,0,0,0
2024-11-24,Philadelphia Eagles,Los Angeles Rams,Joshua Karty,Los Angeles Rams,2,0,0,1
2024-11-24,Philadelphia Eagles,Los Angeles Rams,Ethan Evans,Los Angeles Rams,0,0,0,0
2024-11-24,San Francisco 49ers,Green Bay Packers,Jake Moody,San Francisco 49ers,1,0,1,0
2024-11-24,San Francisco 49ers,Green Bay Packers,Pat O'Donnell,San Francisco 49ers,0,0,0,0
2024-11-24,San Francisco 49ers,Green Bay Packers,Brandon McManus,Green Bay Packers,5,0,1,0
2024-11-24,San Francisco 49ers,Green Bay Packers,Daniel Whelan,Green Bay Packers,0,0,0,0
2024-11-24,Tampa Bay Buccaneers,New York Giants,Chase McLaughlin,Tampa Bay Buccaneers,3,1,1,0
2024-11-24,Tampa Bay Buccaneers,New York Giants,Trenton Gill,Tampa Bay Buccaneers,0,0,0,0
2024-11-24,Tampa Bay Buccaneers,New York Giants,Graham Gano,New York Giants,1,0,0,0
2024-11-24,Tampa Bay Buccaneers,New York Giants,Jamie Gillan,New York Giants,0,0,0,0
2024-11-24,Tennessee Titans,Houston Texans,Nick Folk,Tennessee Titans,3,0,3,0
2024-11-24,Tennessee Titans,Houston Texans,Ryan Stonehouse,Tennessee Titans,0,0,0,0
2024-11-24,Tennessee Titans,Houston Texans,Ka'imi Fairbairn,Houston Texans,3,0,2,1
2024-11-24,Tennessee Titans,Houston Texans,Tommy Townsend,Houston Texans,0,0,0,0
2024-11-24,Tennessee Titans,Houston Texans,Nick Folk,Tennessee Titans,3,0,3,0
2024-11-24,Tennessee Titans,Houston Texans,Ryan Stonehouse,Tennessee Titans,0,0,0,0
2024-11-24,Tennessee Titans,Houston Texans,Ka'imi Fairbairn,Houston Texans,3,0,2,1
2024-11-24,Tennessee Titans,Houston Texans,Tommy Townsend,Houston Texans,0,0,0,0
