Date,Away Team,Home Team,Player,Player Team,Kick Return TD,Punt Return TD
2024-09-05,Baltimore Ravens,Kansas City Chiefs,Deonte Harty,Baltimore Ravens,0,0
2024-09-05,Baltimore Ravens,Kansas City Chiefs,Mecole Hardman,Kansas City Chiefs,0,0
2024-09-05,Baltimore Ravens,Kansas City Chiefs,Carson Steele,Kansas City Chiefs,0,0
2024-09-06,Green Bay Packers,Philadelphia Eagles,Keisean Nixon,Green Bay Packers,0,0
2024-09-06,Green Bay Packers,Philadelphia Eagles,Kenneth Gainwell,Philadelphia Eagles,0,0
2024-09-08,Arizona Cardinals,Buffalo Bills,Greg Dortch,Arizona Cardinals,0,0
2024-09-08,Arizona Cardinals,Buffalo Bills,DeeJay Dallas,Arizona Cardinals,1,0
2024-09-08,Arizona Cardinals,Buffalo Bills,Brandon Codrington,Buffalo Bills,0,0
2024-09-08,Carolina Panthers,New Orleans Saints,Raheem Blackshear,Carolina Panthers,0,0
2024-09-08,Carolina Panthers,New Orleans Saints,Xavier Legette,Carolina Panthers,0,0
2024-09-08,Carolina Panthers,New Orleans Saints,Rashid Shaheed,New Orleans Saints,0,0
2024-09-08,Carolina Panthers,New Orleans Saints,Cedrick Wilson Jr.,New Orleans Saints,0,0
2024-09-08,Carolina Panthers,New Orleans Saints,Jamaal Williams,New Orleans Saints,0,0
2024-09-08,Dallas Cowboys,Cleveland Browns,KaVontae Turpin,Dallas Cowboys,0,1
2024-09-08,Dallas Cowboys,Cleveland Browns,Jaelon Darden,Cleveland Browns,0,0
2024-09-08,Denver Broncos,Seattle Seahawks,Marvin Mims,Denver Broncos,0,0
2024-09-08,Denver Broncos,Seattle Seahawks,Dee Williams,Seattle Seahawks,0,0
2024-09-08,Denver Broncos,Seattle Seahawks,Laviska Shenault Jr.,Seattle Seahawks,0,0
2024-09-08,Houston Texans,Indianapolis Colts,Anthony Gould,Indianapolis Colts,0,0
2024-09-08,Jacksonville Jaguars,Miami Dolphins,Devin Duvernay,Jacksonville Jaguars,0,0
2024-09-08,Jacksonville Jaguars,Miami Dolphins,Parker Washington,Jacksonville Jaguars,0,0
2024-09-08,Jacksonville Jaguars,Miami Dolphins,Braxton Berrios,Miami Dolphins,0,0
2024-09-08,Jacksonville Jaguars,Miami Dolphins,Tyreek Hill,Miami Dolphins,0,0
2024-09-08,Las Vegas Raiders,Los Angeles Chargers,Tre Tucker,Las Vegas Raiders,0,0
2024-09-08,Las Vegas Raiders,Los Angeles Chargers,Ameer Abdullah,Las Vegas Raiders,0,0
2024-09-08,Las Vegas Raiders,Los Angeles Chargers,Derius Davis,Los Angeles Chargers,0,0
2024-09-08,Los Angeles Rams,Detroit Lions,Kyren Williams,Los Angeles Rams,0,0
2024-09-08,Los Angeles Rams,Detroit Lions,Jordan Whittington,Los Angeles Rams,0,0
2024-09-08,Los Angeles Rams,Detroit Lions,Kalif Raymond,Detroit Lions,0,0
2024-09-08,Minnesota Vikings,New York Giants,Brandon Powell,Minnesota Vikings,0,0
2024-09-08,Minnesota Vikings,New York Giants,Darius Slayton,New York Giants,0,0
2024-09-08,Minnesota Vikings,New York Giants,Eric Gray,New York Giants,0,0
2024-09-08,New England Patriots,Cincinnati Bengals,Marcus Jones,New England Patriots,0,0
2024-09-08,New England Patriots,Cincinnati Bengals,Jamycal Hasty,New England Patriots,0,0
2024-09-08,New England Patriots,Cincinnati Bengals,Charlie Jones,Cincinnati Bengals,0,0
2024-09-08,Pittsburgh Steelers,Atlanta Falcons,Calvin Austin III,Pittsburgh Steelers,0,0
2024-09-08,Pittsburgh Steelers,Atlanta Falcons,Avery Williams,Atlanta Falcons,0,0
2024-09-08,Pittsburgh Steelers,Atlanta Falcons,Ray-Ray McCloud,Atlanta Falcons,0,0
2024-09-08,Tennessee Titans,Chicago Bears,Jha'Quan Jackson,Tennessee Titans,0,0
2024-09-08,Tennessee Titans,Chicago Bears,DeAndre Carter,Chicago Bears,0,0
2024-09-08,Tennessee Titans,Chicago Bears,Velus Jones Jr.,Chicago Bears,0,0
2024-09-08,Washington Commanders,Tampa Bay Buccaneers,Austin Ekeler,Washington Commanders,0,0
2024-09-08,Washington Commanders,Tampa Bay Buccaneers,Trey Palmer,Tampa Bay Buccaneers,0,0
2024-09-08,Washington Commanders,Tampa Bay Buccaneers,Sean Tucker,Tampa Bay Buccaneers,0,0
2024-09-09,New York Jets,San Francisco 49ers,Xavier Gipson,New York Jets,0,0
2024-09-09,New York Jets,San Francisco 49ers,Jacob Cowing,San Francisco 49ers,0,0
2024-09-12,Buffalo Bills,Miami Dolphins,Ray Davis,Buffalo Bills,0,0
2024-09-15,Chicago Bears,Houston Texans,DeAndre Carter,Chicago Bears,0,0
2024-09-15,Chicago Bears,Houston Texans,Steven Sims,Houston Texans,0,0
2024-09-15,Chicago Bears,Houston Texans,Robert Woods,Houston Texans,0,0
2024-09-15,Cincinnati Bengals,Kansas City Chiefs,Charlie Jones,Cincinnati Bengals,0,0
2024-09-15,Cincinnati Bengals,Kansas City Chiefs,Chase Brown,Cincinnati Bengals,0,0
2024-09-15,Cincinnati Bengals,Kansas City Chiefs,Trayveon Williams,Cincinnati Bengals,0,0
2024-09-15,Cincinnati Bengals,Kansas City Chiefs,Mecole Hardman,Kansas City Chiefs,0,0
2024-09-15,Cleveland Browns,Jacksonville Jaguars,James Proche,Cleveland Browns,0,0
2024-09-15,Cleveland Browns,Jacksonville Jaguars,Pierre Strong,Cleveland Browns,0,0
2024-09-15,Cleveland Browns,Jacksonville Jaguars,Devin Duvernay,Jacksonville Jaguars,0,0
2024-09-15,Indianapolis Colts,Green Bay Packers,Jayden Reed,Green Bay Packers,0,0
2024-09-15,Las Vegas Raiders,Baltimore Ravens,Tre Tucker,Las Vegas Raiders,0,0
2024-09-15,Las Vegas Raiders,Baltimore Ravens,Ameer Abdullah,Las Vegas Raiders,0,0
2024-09-15,Las Vegas Raiders,Baltimore Ravens,Deonte Harty,Baltimore Ravens,0,0
2024-09-15,Las Vegas Raiders,Baltimore Ravens,John Kelly,Baltimore Ravens,0,0
2024-09-15,Los Angeles Chargers,Carolina Panthers,Derius Davis,Los Angeles Chargers,0,0
2024-09-15,Los Angeles Chargers,Carolina Panthers,Raheem Blackshear,Carolina Panthers,0,0
2024-09-15,Los Angeles Rams,Arizona Cardinals,Kyren Williams,Los Angeles Rams,0,0
2024-09-15,Los Angeles Rams,Arizona Cardinals,Blake Corum,Los Angeles Rams,0,0
2024-09-15,Los Angeles Rams,Arizona Cardinals,Greg Dortch,Arizona Cardinals,0,0
2024-09-15,New Orleans Saints,Dallas Cowboys,Juanyeh Thomas,Dallas Cowboys,0,0
2024-09-15,New Orleans Saints,Dallas Cowboys,KaVontae Turpin,Dallas Cowboys,0,0
2024-09-15,New York Giants,Washington Commanders,Eric Gray,New York Giants,0,0
2024-09-15,New York Giants,Washington Commanders,Tyrone Tracy,New York Giants,0,0
2024-09-15,New York Giants,Washington Commanders,Olamide Zaccheaus,Washington Commanders,0,0
2024-09-15,New York Giants,Washington Commanders,Austin Ekeler,Washington Commanders,0,0
2024-09-15,New York Jets,Tennessee Titans,Xavier Gipson,New York Jets,0,0
2024-09-15,New York Jets,Tennessee Titans,Jha'Quan Jackson,Tennessee Titans,0,0
2024-09-15,New York Jets,Tennessee Titans,Tyjae Spears,Tennessee Titans,0,0
2024-09-15,Pittsburgh Steelers,Denver Broncos,Calvin Austin III,Pittsburgh Steelers,0,0
2024-09-15,Pittsburgh Steelers,Denver Broncos,Jaylen Warren,Pittsburgh Steelers,0,0
2024-09-15,Pittsburgh Steelers,Denver Broncos,Marvin Mims,Denver Broncos,0,0
2024-09-15,San Francisco 49ers,Minnesota Vikings,Jacob Cowing,San Francisco 49ers,0,0
2024-09-15,San Francisco 49ers,Minnesota Vikings,Deebo Samuel,San Francisco 49ers,0,0
2024-09-15,San Francisco 49ers,Minnesota Vikings,Brandon Powell,Minnesota Vikings,0,0
2024-09-15,Seattle Seahawks,New England Patriots,Dee Williams,Seattle Seahawks,0,0
2024-09-15,Seattle Seahawks,New England Patriots,Laviska Shenault Jr.,Seattle Seahawks,0,0
2024-09-15,Seattle Seahawks,New England Patriots,Marcus Jones,New England Patriots,0,0
2024-09-15,Tampa Bay Buccaneers,Detroit Lions,Kalif Raymond,Detroit Lions,0,0
2024-09-15,Tampa Bay Buccaneers,Detroit Lions,Tom Kennedy,Detroit Lions,0,0
2024-09-16,Atlanta Falcons,Philadelphia Eagles,Avery Williams,Atlanta Falcons,0,0
2024-09-16,Atlanta Falcons,Philadelphia Eagles,Britain Covey,Philadelphia Eagles,0,0
2024-09-16,Atlanta Falcons,Philadelphia Eagles,Will Shipley,Philadelphia Eagles,0,0
2024-09-19,New England Patriots,New York Jets,Marcus Jones,New England Patriots,0,0
2024-09-19,New England Patriots,New York Jets,Jamycal Hasty,New England Patriots,0,0
2024-09-19,New England Patriots,New York Jets,Xavier Gipson,New York Jets,0,0
2024-09-19,New England Patriots,New York Jets,Isaiah Davis,New York Jets,0,0
2024-09-22,Baltimore Ravens,Dallas Cowboys,Deonte Harty,Baltimore Ravens,0,0
2024-09-22,Baltimore Ravens,Dallas Cowboys,Juanyeh Thomas,Dallas Cowboys,0,0
2024-09-22,Carolina Panthers,Las Vegas Raiders,Raheem Blackshear,Carolina Panthers,0,0
2024-09-22,Carolina Panthers,Las Vegas Raiders,Xavier Legette,Carolina Panthers,0,0
2024-09-22,Carolina Panthers,Las Vegas Raiders,Tre Tucker,Las Vegas Raiders,0,0
2024-09-22,Carolina Panthers,Las Vegas Raiders,Ameer Abdullah,Las Vegas Raiders,0,0
2024-09-22,Carolina Panthers,Las Vegas Raiders,DJ Turner,Las Vegas Raiders,0,0
2024-09-22,Chicago Bears,Indianapolis Colts,DeAndre Carter,Chicago Bears,0,0
2024-09-22,Chicago Bears,Indianapolis Colts,Anthony Gould,Indianapolis Colts,0,0
2024-09-22,Chicago Bears,Indianapolis Colts,Dallis Flowers,Indianapolis Colts,0,0
2024-09-22,Denver Broncos,Tampa Bay Buccaneers,Marvin Mims,Denver Broncos,0,0
2024-09-22,Denver Broncos,Tampa Bay Buccaneers,Bucky Irving,Tampa Bay Buccaneers,0,0
2024-09-22,Denver Broncos,Tampa Bay Buccaneers,Sean Tucker,Tampa Bay Buccaneers,0,0
2024-09-22,Detroit Lions,Arizona Cardinals,Kalif Raymond,Detroit Lions,0,0
2024-09-22,Green Bay Packers,Tennessee Titans,Jayden Reed,Green Bay Packers,0,0
2024-09-22,Green Bay Packers,Tennessee Titans,Jha'Quan Jackson,Tennessee Titans,0,0
2024-09-22,Houston Texans,Minnesota Vikings,Steven Sims,Houston Texans,0,0
2024-09-22,Houston Texans,Minnesota Vikings,Brandon Powell,Minnesota Vikings,0,0
2024-09-22,Houston Texans,Minnesota Vikings,Myles Gaskin,Minnesota Vikings,0,0
2024-09-22,Kansas City Chiefs,Atlanta Falcons,Mecole Hardman,Kansas City Chiefs,0,0
2024-09-22,Kansas City Chiefs,Atlanta Falcons,Avery Williams,Atlanta Falcons,0,0
2024-09-22,Kansas City Chiefs,Atlanta Falcons,Ray-Ray McCloud,Atlanta Falcons,0,0
2024-09-22,Los Angeles Chargers,Pittsburgh Steelers,Derius Davis,Los Angeles Chargers,0,0
2024-09-22,Los Angeles Chargers,Pittsburgh Steelers,Calvin Austin III,Pittsburgh Steelers,0,0
2024-09-22,Miami Dolphins,Seattle Seahawks,Braxton Berrios,Miami Dolphins,0,0
2024-09-22,Miami Dolphins,Seattle Seahawks,De'Von Achane,Miami Dolphins,0,0
2024-09-22,Miami Dolphins,Seattle Seahawks,D'Wayne Eskridge,Miami Dolphins,0,0
2024-09-22,Miami Dolphins,Seattle Seahawks,Dee Williams,Seattle Seahawks,0,0
2024-09-22,Miami Dolphins,Seattle Seahawks,Laviska Shenault Jr.,Seattle Seahawks,0,0
2024-09-22,New York Giants,Cleveland Browns,Ihmir Smith-Marsette,New York Giants,0,0
2024-09-22,New York Giants,Cleveland Browns,Eric Gray,New York Giants,0,0
2024-09-22,New York Giants,Cleveland Browns,James Proche,Cleveland Browns,0,0
2024-09-22,Philadelphia Eagles,New Orleans Saints,Cooper DeJean,Philadelphia Eagles,0,0
2024-09-22,Philadelphia Eagles,New Orleans Saints,Kenneth Gainwell,Philadelphia Eagles,0,0
2024-09-22,Philadelphia Eagles,New Orleans Saints,Will Shipley,Philadelphia Eagles,0,0
2024-09-22,Philadelphia Eagles,New Orleans Saints,Rashid Shaheed,New Orleans Saints,0,0
2024-09-22,San Francisco 49ers,Los Angeles Rams,Jacob Cowing,San Francisco 49ers,0,0
2024-09-22,San Francisco 49ers,Los Angeles Rams,Xavier Smith,Los Angeles Rams,0,0
2024-09-23,Jacksonville Jaguars,Buffalo Bills,Devin Duvernay,Jacksonville Jaguars,0,0
2024-09-23,Jacksonville Jaguars,Buffalo Bills,Brandon Codrington,Buffalo Bills,0,0
2024-09-23,Jacksonville Jaguars,Buffalo Bills,Ty Johnson,Buffalo Bills,0,0
2024-09-23,Washington Commanders,Cincinnati Bengals,Austin Ekeler,Washington Commanders,0,0
2024-09-23,Washington Commanders,Cincinnati Bengals,Noah Igbinoghene,Washington Commanders,0,0
2024-09-23,Washington Commanders,Cincinnati Bengals,Chase Brown,Cincinnati Bengals,0,0
2024-09-23,Washington Commanders,Cincinnati Bengals,Trayveon Williams,Cincinnati Bengals,0,0
2024-09-26,Dallas Cowboys,New York Giants,Ihmir Smith-Marsette,New York Giants,0,0
2024-09-26,Dallas Cowboys,New York Giants,Eric Gray,New York Giants,0,0
2024-09-26,Dallas Cowboys,New York Giants,Tyrone Tracy,New York Giants,0,0
2024-09-29,Buffalo Bills,Baltimore Ravens,Brandon Codrington,Buffalo Bills,0,0
2024-09-29,Buffalo Bills,Baltimore Ravens,Deonte Harty,Baltimore Ravens,0,0
2024-09-29,Cincinnati Bengals,Carolina Panthers,Charlie Jones,Cincinnati Bengals,0,0
2024-09-29,Cincinnati Bengals,Carolina Panthers,Trayveon Williams,Cincinnati Bengals,0,0
2024-09-29,Cincinnati Bengals,Carolina Panthers,Chase Brown,Cincinnati Bengals,0,0
2024-09-29,Cincinnati Bengals,Carolina Panthers,Raheem Blackshear,Carolina Panthers,0,0
2024-09-29,Cleveland Browns,Las Vegas Raiders,James Proche,Cleveland Browns,0,0
2024-09-29,Cleveland Browns,Las Vegas Raiders,Gary Brightwell,Cleveland Browns,0,0
2024-09-29,Cleveland Browns,Las Vegas Raiders,D'Onta Foreman,Cleveland Browns,0,0
2024-09-29,Cleveland Browns,Las Vegas Raiders,Tyreik McAllister,Las Vegas Raiders,0,0
2024-09-29,Denver Broncos,New York Jets,Marvin Mims,Denver Broncos,0,0
2024-09-29,Denver Broncos,New York Jets,Xavier Gipson,New York Jets,0,0
2024-09-29,Jacksonville Jaguars,Houston Texans,Devin Duvernay,Jacksonville Jaguars,0,0
2024-09-29,Jacksonville Jaguars,Houston Texans,Steven Sims,Houston Texans,0,0
2024-09-29,Jacksonville Jaguars,Houston Texans,Robert Woods,Houston Texans,0,0
2024-09-29,Kansas City Chiefs,Los Angeles Chargers,Mecole Hardman,Kansas City Chiefs,0,0
2024-09-29,Los Angeles Rams,Chicago Bears,Xavier Smith,Los Angeles Rams,0,0
2024-09-29,Los Angeles Rams,Chicago Bears,DeAndre Carter,Chicago Bears,0,0
2024-09-29,Minnesota Vikings,Green Bay Packers,Jalen Nailor,Minnesota Vikings,0,0
2024-09-29,Minnesota Vikings,Green Bay Packers,Brandon Powell,Minnesota Vikings,0,0
2024-09-29,Minnesota Vikings,Green Bay Packers,Myles Gaskin,Minnesota Vikings,0,0
2024-09-29,Minnesota Vikings,Green Bay Packers,Keisean Nixon,Green Bay Packers,0,0
2024-09-29,New England Patriots,San Francisco 49ers,Marcus Jones,New England Patriots,0,0
2024-09-29,New England Patriots,San Francisco 49ers,Jamycal Hasty,New England Patriots,0,0
2024-09-29,New England Patriots,San Francisco 49ers,Jacob Cowing,San Francisco 49ers,0,0
2024-09-29,New England Patriots,San Francisco 49ers,Kyle Juszczyk,San Francisco 49ers,0,0
2024-09-29,New England Patriots,San Francisco 49ers,Isaac Guerendo,San Francisco 49ers,0,0
2024-09-29,New Orleans Saints,Atlanta Falcons,Rashid Shaheed,New Orleans Saints,0,0
2024-09-29,New Orleans Saints,Atlanta Falcons,Jamaal Williams,New Orleans Saints,0,0
2024-09-29,New Orleans Saints,Atlanta Falcons,Ray-Ray McCloud,Atlanta Falcons,0,0
2024-09-29,Philadelphia Eagles,Tampa Bay Buccaneers,Cooper DeJean,Philadelphia Eagles,0,0
2024-09-29,Philadelphia Eagles,Tampa Bay Buccaneers,Jeremiah Trotter Jr.,Philadelphia Eagles,0,0
2024-09-29,Philadelphia Eagles,Tampa Bay Buccaneers,Will Shipley,Philadelphia Eagles,0,0
2024-09-29,Philadelphia Eagles,Tampa Bay Buccaneers,Trey Palmer,Tampa Bay Buccaneers,0,0
2024-09-29,Philadelphia Eagles,Tampa Bay Buccaneers,Kameron Johnson,Tampa Bay Buccaneers,0,0
2024-09-29,Pittsburgh Steelers,Indianapolis Colts,Calvin Austin III,Pittsburgh Steelers,0,0
2024-09-29,Pittsburgh Steelers,Indianapolis Colts,Josh Downs,Indianapolis Colts,0,0
2024-09-29,Washington Commanders,Arizona Cardinals,Olamide Zaccheaus,Washington Commanders,0,0
2024-09-29,Washington Commanders,Arizona Cardinals,Greg Dortch,Arizona Cardinals,0,0
2024-09-29,Washington Commanders,Arizona Cardinals,DeeJay Dallas,Arizona Cardinals,0,0
2024-09-29,Washington Commanders,Arizona Cardinals,Emari Demercado,Arizona Cardinals,0,0
2024-09-30,Seattle Seahawks,Detroit Lions,Dee Williams,Seattle Seahawks,0,0
2024-09-30,Seattle Seahawks,Detroit Lions,Kalif Raymond,Detroit Lions,0,0
2024-09-30,Tennessee Titans,Miami Dolphins,Jha'Quan Jackson,Tennessee Titans,0,0
2024-09-30,Tennessee Titans,Miami Dolphins,Treylon Burks,Tennessee Titans,0,0
2024-09-30,Tennessee Titans,Miami Dolphins,Braxton Berrios,Miami Dolphins,0,0
2024-10-03,Tampa Bay Buccaneers,Atlanta Falcons,Sean Tucker,Tampa Bay Buccaneers,0,0
2024-10-03,Tampa Bay Buccaneers,Atlanta Falcons,Bucky Irving,Tampa Bay Buccaneers,0,0
2024-10-03,Tampa Bay Buccaneers,Atlanta Falcons,Cody Thompson,Tampa Bay Buccaneers,0,0
2024-10-06,Arizona Cardinals,San Francisco 49ers,Greg Dortch,Arizona Cardinals,0,0
2024-10-06,Arizona Cardinals,San Francisco 49ers,DeeJay Dallas,Arizona Cardinals,0,0
2024-10-06,Arizona Cardinals,San Francisco 49ers,Isaac Guerendo,San Francisco 49ers,0,0
2024-10-06,Baltimore Ravens,Cincinnati Bengals,Tylan Wallace,Baltimore Ravens,0,0
2024-10-06,Baltimore Ravens,Cincinnati Bengals,Chris Collier,Baltimore Ravens,0,0
2024-10-06,Baltimore Ravens,Cincinnati Bengals,Charlie Jones,Cincinnati Bengals,0,0
2024-10-06,Buffalo Bills,Houston Texans,Brandon Codrington,Buffalo Bills,0,0
2024-10-06,Buffalo Bills,Houston Texans,Robert Woods,Houston Texans,0,0
2024-10-06,Carolina Panthers,Chicago Bears,Raheem Blackshear,Carolina Panthers,0,0
2024-10-06,Carolina Panthers,Chicago Bears,DeAndre Carter,Chicago Bears,0,0
2024-10-06,Carolina Panthers,Chicago Bears,Josh Blackwell,Chicago Bears,0,0
2024-10-06,Carolina Panthers,Chicago Bears,Khalil Herbert,Chicago Bears,0,0
2024-10-06,Cleveland Browns,Washington Commanders,James Proche,Cleveland Browns,0,0
2024-10-06,Cleveland Browns,Washington Commanders,Pierre Strong,Cleveland Browns,0,0
2024-10-06,Cleveland Browns,Washington Commanders,D'Onta Foreman,Cleveland Browns,0,0
2024-10-06,Cleveland Browns,Washington Commanders,Olamide Zaccheaus,Washington Commanders,0,0
2024-10-06,Cleveland Browns,Washington Commanders,Austin Ekeler,Washington Commanders,0,0
2024-10-06,Dallas Cowboys,Pittsburgh Steelers,KaVontae Turpin,Dallas Cowboys,0,0
2024-10-06,Dallas Cowboys,Pittsburgh Steelers,Aaron Shampklin,Pittsburgh Steelers,0,0
2024-10-06,Green Bay Packers,Los Angeles Rams,Xavier Smith,Los Angeles Rams,0,0
2024-10-06,Green Bay Packers,Los Angeles Rams,Blake Corum,Los Angeles Rams,0,0
2024-10-06,Indianapolis Colts,Jacksonville Jaguars,Josh Downs,Indianapolis Colts,0,0
2024-10-06,Indianapolis Colts,Jacksonville Jaguars,Tyler Goodson,Indianapolis Colts,0,0
2024-10-06,Indianapolis Colts,Jacksonville Jaguars,Devin Duvernay,Jacksonville Jaguars,0,0
2024-10-06,Las Vegas Raiders,Denver Broncos,Ameer Abdullah,Las Vegas Raiders,0,0
2024-10-06,Las Vegas Raiders,Denver Broncos,Marvin Mims,Denver Broncos,0,0
2024-10-06,Las Vegas Raiders,Denver Broncos,Tremon Smith,Denver Broncos,0,0
2024-10-06,Miami Dolphins,New England Patriots,Braxton Berrios,Miami Dolphins,0,0
2024-10-06,Miami Dolphins,New England Patriots,Marcus Jones,New England Patriots,0,0
2024-10-06,Miami Dolphins,New England Patriots,Antonio Gibson,New England Patriots,0,0
2024-10-06,New York Giants,Seattle Seahawks,Ihmir Smith-Marsette,New York Giants,0,0
2024-10-06,New York Giants,Seattle Seahawks,Eric Gray,New York Giants,0,0
2024-10-06,New York Giants,Seattle Seahawks,Dee Williams,Seattle Seahawks,0,0
2024-10-06,New York Giants,Seattle Seahawks,Laviska Shenault Jr.,Seattle Seahawks,0,0
2024-10-06,New York Jets,Minnesota Vikings,Xavier Gipson,New York Jets,0,0
2024-10-06,New York Jets,Minnesota Vikings,Isaiah Davis,New York Jets,0,0
2024-10-06,New York Jets,Minnesota Vikings,Brandon Powell,Minnesota Vikings,0,0
2024-10-07,New Orleans Saints,Kansas City Chiefs,Rashid Shaheed,New Orleans Saints,0,0
2024-10-07,New Orleans Saints,Kansas City Chiefs,Jamaal Williams,New Orleans Saints,0,0
2024-10-07,New Orleans Saints,Kansas City Chiefs,Mecole Hardman,Kansas City Chiefs,0,0
2024-10-07,New Orleans Saints,Kansas City Chiefs,Carson Steele,Kansas City Chiefs,0,0
2024-10-07,New Orleans Saints,Kansas City Chiefs,Skyy Moore,Kansas City Chiefs,0,0
2024-10-10,San Francisco 49ers,Seattle Seahawks,Jacob Cowing,San Francisco 49ers,0,0
2024-10-10,San Francisco 49ers,Seattle Seahawks,Deebo Samuel,San Francisco 49ers,0,0
2024-10-10,San Francisco 49ers,Seattle Seahawks,Patrick Taylor,San Francisco 49ers,0,0
2024-10-10,San Francisco 49ers,Seattle Seahawks,Laviska Shenault Jr.,Seattle Seahawks,1,0
2024-10-10,San Francisco 49ers,Seattle Seahawks,Dee Williams,Seattle Seahawks,0,0
2024-10-13,Arizona Cardinals,Green Bay Packers,DeeJay Dallas,Arizona Cardinals,0,0
2024-10-13,Arizona Cardinals,Green Bay Packers,Emari Demercado,Arizona Cardinals,0,0
2024-10-13,Arizona Cardinals,Green Bay Packers,Greg Dortch,Arizona Cardinals,0,0
2024-10-13,Arizona Cardinals,Green Bay Packers,Keisean Nixon,Green Bay Packers,0,0
2024-10-13,Arizona Cardinals,Green Bay Packers,Jayden Reed,Green Bay Packers,0,0
2024-10-13,Atlanta Falcons,Carolina Panthers,Avery Williams,Atlanta Falcons,0,0
2024-10-13,Atlanta Falcons,Carolina Panthers,Clark Phillips,Atlanta Falcons,0,0
2024-10-13,Atlanta Falcons,Carolina Panthers,Ray-Ray McCloud,Atlanta Falcons,0,0
2024-10-13,Atlanta Falcons,Carolina Panthers,Raheem Blackshear,Carolina Panthers,0,0
2024-10-13,Atlanta Falcons,Carolina Panthers,Xavier Legette,Carolina Panthers,0,0
2024-10-13,Cincinnati Bengals,New York Giants,Charlie Jones,Cincinnati Bengals,0,0
2024-10-13,Cincinnati Bengals,New York Giants,Ihmir Smith-Marsette,New York Giants,0,0
2024-10-13,Cleveland Browns,Philadelphia Eagles,Jaelon Darden,Cleveland Browns,0,0
2024-10-13,Cleveland Browns,Philadelphia Eagles,Cooper DeJean,Philadelphia Eagles,0,0
2024-10-13,Cleveland Browns,Philadelphia Eagles,Isaiah Rodgers,Philadelphia Eagles,0,0
2024-10-13,Detroit Lions,Dallas Cowboys,Kalif Raymond,Detroit Lions,0,0
2024-10-13,Detroit Lions,Dallas Cowboys,Khalil Dorsey,Detroit Lions,0,0
2024-10-13,Detroit Lions,Dallas Cowboys,KaVontae Turpin,Dallas Cowboys,0,0
2024-10-13,Houston Texans,New England Patriots,Steven Sims,Houston Texans,0,0
2024-10-13,Houston Texans,New England Patriots,Marcus Jones,New England Patriots,0,0
2024-10-13,Houston Texans,New England Patriots,Jamycal Hasty,New England Patriots,0,0
2024-10-13,Indianapolis Colts,Tennessee Titans,Josh Downs,Indianapolis Colts,0,0
2024-10-13,Indianapolis Colts,Tennessee Titans,Tyler Goodson,Indianapolis Colts,0,0
2024-10-13,Indianapolis Colts,Tennessee Titans,Jha'Quan Jackson,Tennessee Titans,0,0
2024-10-13,Jacksonville Jaguars,Chicago Bears,Parker Washington,Jacksonville Jaguars,0,0
2024-10-13,Jacksonville Jaguars,Chicago Bears,Tank Bigsby,Jacksonville Jaguars,0,0
2024-10-13,Jacksonville Jaguars,Chicago Bears,Tim Jones,Jacksonville Jaguars,0,0
2024-10-13,Los Angeles Chargers,Denver Broncos,Derius Davis,Los Angeles Chargers,0,0
2024-10-13,Los Angeles Chargers,Denver Broncos,Marvin Mims,Denver Broncos,0,0
2024-10-13,Los Angeles Chargers,Denver Broncos,Tremon Smith,Denver Broncos,0,0
2024-10-13,Pittsburgh Steelers,Las Vegas Raiders,Minkah Fitzpatrick,Pittsburgh Steelers,0,0
2024-10-13,Pittsburgh Steelers,Las Vegas Raiders,Jaylen Warren,Pittsburgh Steelers,0,0
2024-10-13,Pittsburgh Steelers,Las Vegas Raiders,Ameer Abdullah,Las Vegas Raiders,0,0
2024-10-13,Tampa Bay Buccaneers,New Orleans Saints,Jalen McMillan,Tampa Bay Buccaneers,0,0
2024-10-13,Tampa Bay Buccaneers,New Orleans Saints,Bucky Irving,Tampa Bay Buccaneers,0,0
2024-10-13,Tampa Bay Buccaneers,New Orleans Saints,Sean Tucker,Tampa Bay Buccaneers,0,0
2024-10-13,Tampa Bay Buccaneers,New Orleans Saints,D.J. Williams,Tampa Bay Buccaneers,0,0
2024-10-13,Tampa Bay Buccaneers,New Orleans Saints,Rashid Shaheed,New Orleans Saints,0,1
2024-10-13,Washington Commanders,Baltimore Ravens,Olamide Zaccheaus,Washington Commanders,0,0
2024-10-13,Washington Commanders,Baltimore Ravens,Austin Ekeler,Washington Commanders,0,0
2024-10-13,Washington Commanders,Baltimore Ravens,Deonte Harty,Baltimore Ravens,0,0
2024-10-13,Washington Commanders,Baltimore Ravens,Justice Hill,Baltimore Ravens,0,0
2024-10-14,Buffalo Bills,New York Jets,Brandon Codrington,Buffalo Bills,0,0
2024-10-14,Buffalo Bills,New York Jets,Xavier Gipson,New York Jets,0,0
2024-10-14,Buffalo Bills,New York Jets,Isaiah Davis,New York Jets,0,0
2024-10-17,Denver Broncos,New Orleans Saints,Marvin Mims,Denver Broncos,0,0
2024-10-17,Denver Broncos,New Orleans Saints,Jermaine Jackson,New Orleans Saints,0,0
2024-10-17,Denver Broncos,New Orleans Saints,Mason Tipton,New Orleans Saints,0,0
2024-10-20,Carolina Panthers,Washington Commanders,Raheem Blackshear,Carolina Panthers,0,0
2024-10-20,Carolina Panthers,Washington Commanders,Xavier Legette,Carolina Panthers,0,0
2024-10-20,Carolina Panthers,Washington Commanders,Olamide Zaccheaus,Washington Commanders,0,0
2024-10-20,Carolina Panthers,Washington Commanders,Austin Ekeler,Washington Commanders,0,0
2024-10-20,Cincinnati Bengals,Cleveland Browns,Charlie Jones,Cincinnati Bengals,1,0
2024-10-20,Cincinnati Bengals,Cleveland Browns,Jaelon Darden,Cleveland Browns,0,0
2024-10-20,Cincinnati Bengals,Cleveland Browns,D'Onta Foreman,Cleveland Browns,0,0
2024-10-20,Detroit Lions,Minnesota Vikings,Kalif Raymond,Detroit Lions,0,0
2024-10-20,Detroit Lions,Minnesota Vikings,Brandon Powell,Minnesota Vikings,0,0
2024-10-20,Detroit Lions,Minnesota Vikings,Cam Akers,Minnesota Vikings,0,0
2024-10-20,Houston Texans,Green Bay Packers,Tank Dell,Houston Texans,0,0
2024-10-20,Houston Texans,Green Bay Packers,Desmond King,Houston Texans,0,0
2024-10-20,Houston Texans,Green Bay Packers,Dameon Pierce,Houston Texans,0,0
2024-10-20,Houston Texans,Green Bay Packers,Keisean Nixon,Green Bay Packers,0,0
2024-10-20,Houston Texans,Green Bay Packers,Corey Ballentine,Green Bay Packers,0,0
2024-10-20,Houston Texans,Green Bay Packers,Jayden Reed,Green Bay Packers,0,0
2024-10-20,Kansas City Chiefs,San Francisco 49ers,Mecole Hardman,Kansas City Chiefs,0,0
2024-10-20,Kansas City Chiefs,San Francisco 49ers,Skyy Moore,Kansas City Chiefs,0,0
2024-10-20,Kansas City Chiefs,San Francisco 49ers,Carson Steele,Kansas City Chiefs,0,0
2024-10-20,Kansas City Chiefs,San Francisco 49ers,Jacob Cowing,San Francisco 49ers,0,0
2024-10-20,Kansas City Chiefs,San Francisco 49ers,Isaac Guerendo,San Francisco 49ers,0,0
2024-10-20,Las Vegas Raiders,Los Angeles Rams,DJ Turner,Las Vegas Raiders,0,0
2024-10-20,Las Vegas Raiders,Los Angeles Rams,Xavier Smith,Los Angeles Rams,0,0
2024-10-20,Miami Dolphins,Indianapolis Colts,Braxton Berrios,Miami Dolphins,0,0
2024-10-20,Miami Dolphins,Indianapolis Colts,Josh Downs,Indianapolis Colts,0,0
2024-10-20,Miami Dolphins,Indianapolis Colts,Ashton Dulin,Indianapolis Colts,0,0
2024-10-20,New England Patriots,Jacksonville Jaguars,Marcus Jones,New England Patriots,0,0
2024-10-20,New England Patriots,Jacksonville Jaguars,Antonio Gibson,New England Patriots,0,0
2024-10-20,New England Patriots,Jacksonville Jaguars,Parker Washington,Jacksonville Jaguars,0,1
2024-10-20,New York Jets,Pittsburgh Steelers,Xavier Gipson,New York Jets,0,0
2024-10-20,New York Jets,Pittsburgh Steelers,Isaiah Davis,New York Jets,0,0
2024-10-20,New York Jets,Pittsburgh Steelers,Calvin Austin III,Pittsburgh Steelers,0,0
2024-10-20,Philadelphia Eagles,New York Giants,Cooper DeJean,Philadelphia Eagles,0,0
2024-10-20,Philadelphia Eagles,New York Giants,Ihmir Smith-Marsette,New York Giants,0,0
2024-10-20,Seattle Seahawks,Atlanta Falcons,Dee Williams,Seattle Seahawks,0,0
2024-10-20,Seattle Seahawks,Atlanta Falcons,Laviska Shenault Jr.,Seattle Seahawks,0,0
2024-10-20,Seattle Seahawks,Atlanta Falcons,Ray-Ray McCloud,Atlanta Falcons,0,0
2024-10-20,Seattle Seahawks,Atlanta Falcons,Avery Williams,Atlanta Falcons,0,0
2024-10-20,Tennessee Titans,Buffalo Bills,Jha'Quan Jackson,Tennessee Titans,0,0
2024-10-20,Tennessee Titans,Buffalo Bills,Brandon Codrington,Buffalo Bills,0,0
2024-10-21,Baltimore Ravens,Tampa Bay Buccaneers,Chris Collier,Baltimore Ravens,0,0
2024-10-21,Baltimore Ravens,Tampa Bay Buccaneers,Justice Hill,Baltimore Ravens,0,0
2024-10-21,Baltimore Ravens,Tampa Bay Buccaneers,Trey Palmer,Tampa Bay Buccaneers,0,0
2024-10-21,Los Angeles Chargers,Arizona Cardinals,DeeJay Dallas,Arizona Cardinals,0,0
2024-10-21,Los Angeles Chargers,Arizona Cardinals,Greg Dortch,Arizona Cardinals,0,0
2024-10-24,Minnesota Vikings,Los Angeles Rams,Brandon Powell,Minnesota Vikings,0,0
2024-10-24,Minnesota Vikings,Los Angeles Rams,Xavier Smith,Los Angeles Rams,0,0
2024-10-27,Arizona Cardinals,Miami Dolphins,DeeJay Dallas,Arizona Cardinals,0,0
2024-10-27,Arizona Cardinals,Miami Dolphins,Malik Washington,Miami Dolphins,0,0
2024-10-27,Arizona Cardinals,Miami Dolphins,D'Wayne Eskridge,Miami Dolphins,0,0
2024-10-27,Atlanta Falcons,Tampa Bay Buccaneers,Avery Williams,Atlanta Falcons,0,0
2024-10-27,Atlanta Falcons,Tampa Bay Buccaneers,Ray-Ray McCloud,Atlanta Falcons,0,0
2024-10-27,Atlanta Falcons,Tampa Bay Buccaneers,Trey Palmer,Tampa Bay Buccaneers,0,0
2024-10-27,Atlanta Falcons,Tampa Bay Buccaneers,Sean Tucker,Tampa Bay Buccaneers,0,0
2024-10-27,Baltimore Ravens,Cleveland Browns,Tylan Wallace,Baltimore Ravens,0,0
2024-10-27,Baltimore Ravens,Cleveland Browns,Chris Collier,Baltimore Ravens,0,0
2024-10-27,Baltimore Ravens,Cleveland Browns,Jaelon Darden,Cleveland Browns,0,0
2024-10-27,Baltimore Ravens,Cleveland Browns,Pierre Strong,Cleveland Browns,0,0
2024-10-27,Buffalo Bills,Seattle Seahawks,Brandon Codrington,Buffalo Bills,0,0
2024-10-27,Buffalo Bills,Seattle Seahawks,Ray Davis,Buffalo Bills,0,0
2024-10-27,Buffalo Bills,Seattle Seahawks,Dee Williams,Seattle Seahawks,0,0
2024-10-27,Buffalo Bills,Seattle Seahawks,Laviska Shenault Jr.,Seattle Seahawks,0,0
2024-10-27,Carolina Panthers,Denver Broncos,Marvin Mims,Denver Broncos,0,0
2024-10-27,Chicago Bears,Washington Commanders,DeAndre Carter,Chicago Bears,0,0
2024-10-27,Chicago Bears,Washington Commanders,Olamide Zaccheaus,Washington Commanders,0,0
2024-10-27,Chicago Bears,Washington Commanders,Austin Ekeler,Washington Commanders,0,0
2024-10-27,Chicago Bears,Washington Commanders,Jeremy McNichols,Washington Commanders,0,0
2024-10-27,Dallas Cowboys,San Francisco 49ers,KaVontae Turpin,Dallas Cowboys,0,0
2024-10-27,Dallas Cowboys,San Francisco 49ers,Jacob Cowing,San Francisco 49ers,0,0
2024-10-27,Dallas Cowboys,San Francisco 49ers,Patrick Taylor,San Francisco 49ers,0,0
2024-10-27,Green Bay Packers,Jacksonville Jaguars,Jayden Reed,Green Bay Packers,0,0
2024-10-27,Green Bay Packers,Jacksonville Jaguars,Parker Washington,Jacksonville Jaguars,0,0
2024-10-27,Indianapolis Colts,Houston Texans,Josh Downs,Indianapolis Colts,0,0
2024-10-27,Indianapolis Colts,Houston Texans,Ashton Dulin,Indianapolis Colts,0,0
2024-10-27,Indianapolis Colts,Houston Texans,Tyler Goodson,Indianapolis Colts,0,0
2024-10-27,Indianapolis Colts,Houston Texans,Robert Woods,Houston Texans,0,0
2024-10-27,Indianapolis Colts,Houston Texans,Dameon Pierce,Houston Texans,0,0
2024-10-27,Kansas City Chiefs,Las Vegas Raiders,Mecole Hardman,Kansas City Chiefs,0,0
2024-10-27,Kansas City Chiefs,Las Vegas Raiders,Montrell Washington,Kansas City Chiefs,0,0
2024-10-27,Kansas City Chiefs,Las Vegas Raiders,DJ Turner,Las Vegas Raiders,0,0
2024-10-27,New Orleans Saints,Los Angeles Chargers,Jermaine Jackson,New Orleans Saints,0,0
2024-10-27,New Orleans Saints,Los Angeles Chargers,Kendre Miller,New Orleans Saints,0,0
2024-10-27,New Orleans Saints,Los Angeles Chargers,Ladd McConkey,Los Angeles Chargers,0,0
2024-10-27,New Orleans Saints,Los Angeles Chargers,Hassan Haskins,Los Angeles Chargers,0,0
2024-10-27,New Orleans Saints,Los Angeles Chargers,Jalen Reagor,Los Angeles Chargers,0,0
2024-10-27,New York Jets,New England Patriots,Xavier Gipson,New York Jets,0,0
2024-10-27,New York Jets,New England Patriots,Marcus Jones,New England Patriots,0,0
2024-10-27,New York Jets,New England Patriots,Javon Baker,New England Patriots,0,0
2024-10-27,Philadelphia Eagles,Cincinnati Bengals,Kenneth Gainwell,Philadelphia Eagles,0,0
2024-10-27,Philadelphia Eagles,Cincinnati Bengals,Charlie Jones,Cincinnati Bengals,0,0
2024-10-27,Tennessee Titans,Detroit Lions,Jha'Quan Jackson,Tennessee Titans,0,0
2024-10-27,Tennessee Titans,Detroit Lions,Kalif Raymond,Detroit Lions,0,1
2024-10-27,Tennessee Titans,Detroit Lions,Khalil Dorsey,Detroit Lions,0,0
2024-10-28,New York Giants,Pittsburgh Steelers,Ihmir Smith-Marsette,New York Giants,0,0
2024-10-28,New York Giants,Pittsburgh Steelers,Calvin Austin III,Pittsburgh Steelers,0,1
2024-10-31,Houston Texans,New York Jets,Steven Sims,Houston Texans,0,0
2024-11-03,Chicago Bears,Arizona Cardinals,DeAndre Carter,Chicago Bears,0,0
2024-11-03,Chicago Bears,Arizona Cardinals,Greg Dortch,Arizona Cardinals,0,0
2024-11-03,Dallas Cowboys,Atlanta Falcons,KaVontae Turpin,Dallas Cowboys,0,0
2024-11-03,Dallas Cowboys,Atlanta Falcons,Avery Williams,Atlanta Falcons,0,0
2024-11-03,Dallas Cowboys,Atlanta Falcons,Ray-Ray McCloud,Atlanta Falcons,0,0
2024-11-03,Denver Broncos,Baltimore Ravens,Marvin Mims,Denver Broncos,0,0
2024-11-03,Denver Broncos,Baltimore Ravens,Tremon Smith,Denver Broncos,0,0
2024-11-03,Denver Broncos,Baltimore Ravens,Tylan Wallace,Baltimore Ravens,0,0
2024-11-03,Denver Broncos,Baltimore Ravens,Chris Collier,Baltimore Ravens,0,0
2024-11-03,Detroit Lions,Green Bay Packers,Khalil Dorsey,Detroit Lions,0,0
2024-11-03,Detroit Lions,Green Bay Packers,Isaiah Williams,Detroit Lions,0,0
2024-11-03,Detroit Lions,Green Bay Packers,Jayden Reed,Green Bay Packers,0,0
2024-11-03,Detroit Lions,Green Bay Packers,Keisean Nixon,Green Bay Packers,0,0
2024-11-03,Indianapolis Colts,Minnesota Vikings,Josh Downs,Indianapolis Colts,0,0
2024-11-03,Indianapolis Colts,Minnesota Vikings,Brandon Powell,Minnesota Vikings,0,0
2024-11-03,Jacksonville Jaguars,Philadelphia Eagles,Austin Trammell,Jacksonville Jaguars,0,0
2024-11-03,Jacksonville Jaguars,Philadelphia Eagles,Parker Washington,Jacksonville Jaguars,0,0
2024-11-03,Jacksonville Jaguars,Philadelphia Eagles,Tank Bigsby,Jacksonville Jaguars,0,0
2024-11-03,Jacksonville Jaguars,Philadelphia Eagles,Kenneth Gainwell,Philadelphia Eagles,0,0
2024-11-03,Las Vegas Raiders,Cincinnati Bengals,DJ Turner,Las Vegas Raiders,0,0
2024-11-03,Las Vegas Raiders,Cincinnati Bengals,Trenton Irwin,Cincinnati Bengals,0,0
2024-11-03,Las Vegas Raiders,Cincinnati Bengals,Kendric Pryor,Cincinnati Bengals,0,0
2024-11-03,Los Angeles Chargers,Cleveland Browns,Derius Davis,Los Angeles Chargers,0,0
2024-11-03,Los Angeles Chargers,Cleveland Browns,Jaelon Darden,Cleveland Browns,0,0
2024-11-03,Los Angeles Chargers,Cleveland Browns,Pierre Strong,Cleveland Browns,0,0
2024-11-03,Los Angeles Rams,Seattle Seahawks,Xavier Smith,Los Angeles Rams,0,0
2024-11-03,Los Angeles Rams,Seattle Seahawks,Blake Corum,Los Angeles Rams,0,0
2024-11-03,Los Angeles Rams,Seattle Seahawks,Dee Williams,Seattle Seahawks,0,0
2024-11-03,Los Angeles Rams,Seattle Seahawks,Laviska Shenault Jr.,Seattle Seahawks,0,0
2024-11-03,Miami Dolphins,Buffalo Bills,Malik Washington,Miami Dolphins,0,0
2024-11-03,Miami Dolphins,Buffalo Bills,D'Wayne Eskridge,Miami Dolphins,0,0
2024-11-03,Miami Dolphins,Buffalo Bills,Brandon Codrington,Buffalo Bills,0,0
2024-11-03,New England Patriots,Tennessee Titans,Marcus Jones,New England Patriots,0,0
2024-11-03,New England Patriots,Tennessee Titans,Jha'Quan Jackson,Tennessee Titans,0,0
2024-11-03,New Orleans Saints,Carolina Panthers,Jermaine Jackson,New Orleans Saints,0,0
2024-11-03,New Orleans Saints,Carolina Panthers,Jordan Mims,New Orleans Saints,0,0
2024-11-03,New Orleans Saints,Carolina Panthers,Raheem Blackshear,Carolina Panthers,0,0
2024-11-03,New Orleans Saints,Carolina Panthers,Miles Sanders,Carolina Panthers,0,0
2024-11-03,Washington Commanders,New York Giants,Olamide Zaccheaus,Washington Commanders,0,0
2024-11-03,Washington Commanders,New York Giants,Austin Ekeler,Washington Commanders,0,0
2024-11-03,Washington Commanders,New York Giants,Ihmir Smith-Marsette,New York Giants,0,0
2024-11-03,Washington Commanders,New York Giants,Eric Gray,New York Giants,0,0
2024-11-04,Tampa Bay Buccaneers,Kansas City Chiefs,Trey Palmer,Tampa Bay Buccaneers,0,0
2024-11-04,Tampa Bay Buccaneers,Kansas City Chiefs,Bucky Irving,Tampa Bay Buccaneers,0,0
2024-11-04,Tampa Bay Buccaneers,Kansas City Chiefs,Mecole Hardman,Kansas City Chiefs,0,0
2024-11-07,Cincinnati Bengals,Baltimore Ravens,Trenton Irwin,Cincinnati Bengals,0,0
2024-11-07,Cincinnati Bengals,Baltimore Ravens,Jermaine Burton,Cincinnati Bengals,0,0
2024-11-07,Cincinnati Bengals,Baltimore Ravens,Keaton Mitchell,Baltimore Ravens,0,0
2024-11-10,Atlanta Falcons,New Orleans Saints,Avery Williams,Atlanta Falcons,0,0
2024-11-10,Atlanta Falcons,New Orleans Saints,Ray-Ray McCloud,Atlanta Falcons,0,0
2024-11-10,Atlanta Falcons,New Orleans Saints,Jermaine Jackson,New Orleans Saints,0,0
2024-11-10,Atlanta Falcons,New Orleans Saints,Dante Pettis,New Orleans Saints,0,0
2024-11-10,Buffalo Bills,Indianapolis Colts,Brandon Codrington,Buffalo Bills,0,0
2024-11-10,Denver Broncos,Kansas City Chiefs,Marvin Mims,Denver Broncos,0,0
2024-11-10,Denver Broncos,Kansas City Chiefs,Mecole Hardman,Kansas City Chiefs,0,0
2024-11-10,Denver Broncos,Kansas City Chiefs,Carson Steele,Kansas City Chiefs,0,0
2024-11-10,Detroit Lions,Houston Texans,Kalif Raymond,Detroit Lions,0,0
2024-11-10,Detroit Lions,Houston Texans,Steven Sims,Houston Texans,0,0
2024-11-10,Minnesota Vikings,Jacksonville Jaguars,Brandon Powell,Minnesota Vikings,0,0
2024-11-10,Minnesota Vikings,Jacksonville Jaguars,Tank Bigsby,Jacksonville Jaguars,0,0
2024-11-10,New England Patriots,Chicago Bears,Marcus Jones,New England Patriots,0,0
2024-11-10,New England Patriots,Chicago Bears,DeAndre Carter,Chicago Bears,0,0
2024-11-10,New York Giants,Carolina Panthers,Ihmir Smith-Marsette,New York Giants,0,0
2024-11-10,New York Giants,Carolina Panthers,Eric Gray,New York Giants,0,0
2024-11-10,New York Giants,Carolina Panthers,Raheem Blackshear,Carolina Panthers,0,0
2024-11-10,New York Giants,Carolina Panthers,David Moore,Carolina Panthers,0,0
2024-11-10,New York Jets,Arizona Cardinals,Greg Dortch,Arizona Cardinals,0,0
2024-11-10,New York Jets,Arizona Cardinals, Xavier Gipson,New York Jets,0,0
2024-11-10,Philadelphia Eagles,Dallas Cowboys,Cooper DeJean,Philadelphia Eagles,0,0
2024-11-10,Philadelphia Eagles,Dallas Cowboys,Will Shipley,Philadelphia Eagles,0,0
2024-11-10,Philadelphia Eagles,Dallas Cowboys,Kenneth Gainwell,Philadelphia Eagles,0,0
2024-11-10,Philadelphia Eagles,Dallas Cowboys,KaVontae Turpin,Dallas Cowboys,0,0
2024-11-10,Pittsburgh Steelers,Washington Commanders,Calvin Austin III,Pittsburgh Steelers,0,0
2024-11-10,Pittsburgh Steelers,Washington Commanders,Cordarrelle Patterson,Pittsburgh Steelers,0,0
2024-11-10,Pittsburgh Steelers,Washington Commanders,Jaylen Warren,Pittsburgh Steelers,0,0
2024-11-10,Pittsburgh Steelers,Washington Commanders,Olamide Zaccheaus,Washington Commanders,0,0
2024-11-10,Pittsburgh Steelers,Washington Commanders,Austin Ekeler,Washington Commanders,0,0
2024-11-10,San Francisco 49ers,Tampa Bay Buccaneers,Jacob Cowing,San Francisco 49ers,0,0
2024-11-10,San Francisco 49ers,Tampa Bay Buccaneers,Ronnie Bell,San Francisco 49ers,0,0
2024-11-10,Tennessee Titans,Los Angeles Chargers,Julius Chestnut,Tennessee Titans,0,0
2024-11-10,Tennessee Titans,Los Angeles Chargers,Jha'Quan Jackson,Tennessee Titans,0,0
2024-11-10,Tennessee Titans,Los Angeles Chargers,Derius Davis,Los Angeles Chargers,0,0
2024-11-11,Miami Dolphins,Los Angeles Rams,Malik Washington,Miami Dolphins,0,0
2024-11-11,Miami Dolphins,Los Angeles Rams,Xavier Smith,Los Angeles Rams,0,0
2024-11-11,Miami Dolphins,Los Angeles Rams,Jordan Whittington,Los Angeles Rams,0,0
2024-11-14,Washington Commanders,Philadelphia Eagles,Olamide Zaccheaus,Washington Commanders,0,0
2024-11-14,Washington Commanders,Philadelphia Eagles,Austin Ekeler,Washington Commanders,0,0
2024-11-14,Washington Commanders,Philadelphia Eagles,Cooper DeJean,Philadelphia Eagles,0,0
2024-11-14,Washington Commanders,Philadelphia Eagles,Kenneth Gainwell,Philadelphia Eagles,0,0
2024-11-14,Washington Commanders,Philadelphia Eagles,Will Shipley,Philadelphia Eagles,0,0
2024-11-17,Atlanta Falcons,Denver Broncos,Avery Williams,Atlanta Falcons,0,0
2024-11-17,Atlanta Falcons,Denver Broncos,Marvin Mims,Denver Broncos,0,0
2024-11-17,Baltimore Ravens,Pittsburgh Steelers,Tylan Wallace,Baltimore Ravens,0,0
2024-11-17,Baltimore Ravens,Pittsburgh Steelers,Keaton Mitchell,Baltimore Ravens,0,0
2024-11-17,Baltimore Ravens,Pittsburgh Steelers,Justice Hill,Baltimore Ravens,0,0
2024-11-17,Baltimore Ravens,Pittsburgh Steelers,Calvin Austin III,Pittsburgh Steelers,0,0
2024-11-17,Cincinnati Bengals,Los Angeles Chargers,Trenton Irwin,Cincinnati Bengals,0,0
2024-11-17,Cincinnati Bengals,Los Angeles Chargers,Jermaine Burton,Cincinnati Bengals,0,0
2024-11-17,Cincinnati Bengals,Los Angeles Chargers,Khalil Herbert,Cincinnati Bengals,0,0
2024-11-17,Cincinnati Bengals,Los Angeles Chargers,Derius Davis,Los Angeles Chargers,0,0
2024-11-17,Cleveland Browns,New Orleans Saints,Jerome Ford,Cleveland Browns,0,0
2024-11-17,Cleveland Browns,New Orleans Saints,Dante Pettis,New Orleans Saints,0,0
2024-11-17,Cleveland Browns,New Orleans Saints,Taysom Hill,New Orleans Saints,0,0
2024-11-17,Green Bay Packers,Chicago Bears,Jayden Reed,Green Bay Packers,0,0
2024-11-17,Green Bay Packers,Chicago Bears,Keisean Nixon,Green Bay Packers,0,0
2024-11-17,Green Bay Packers,Chicago Bears,DeAndre Carter,Chicago Bears,0,0
2024-11-17,Indianapolis Colts,New York Jets,Josh Downs,Indianapolis Colts,0,0
2024-11-17,Indianapolis Colts,New York Jets,Tyler Goodson,Indianapolis Colts,0,0
2024-11-17,Indianapolis Colts,New York Jets,Ashton Dulin,Indianapolis Colts,0,0
2024-11-17,Indianapolis Colts,New York Jets,Xavier Gipson,New York Jets,0,0
2024-11-17,Indianapolis Colts,New York Jets,Isaiah Davis,New York Jets,0,0
2024-11-17,Jacksonville Jaguars,Detroit Lions,Devin Duvernay,Jacksonville Jaguars,0,0
2024-11-17,Jacksonville Jaguars,Detroit Lions,Kalif Raymond,Detroit Lions,0,0
2024-11-17,Kansas City Chiefs,Buffalo Bills,Mecole Hardman,Kansas City Chiefs,0,0
2024-11-17,Kansas City Chiefs,Buffalo Bills,Brandon Codrington,Buffalo Bills,0,0
2024-11-17,Las Vegas Raiders,Miami Dolphins,DJ Turner,Las Vegas Raiders,0,0
2024-11-17,Las Vegas Raiders,Miami Dolphins,Malik Washington,Miami Dolphins,0,0
2024-11-17,Las Vegas Raiders,Miami Dolphins,Raheem Mostert,Miami Dolphins,0,0
2024-11-17,Las Vegas Raiders,Miami Dolphins,Jaylen Wright,Miami Dolphins,0,0
2024-11-17,Los Angeles Rams,New England Patriots,Xavier Smith,Los Angeles Rams,0,0
2024-11-17,Los Angeles Rams,New England Patriots,Jordan Whittington,Los Angeles Rams,0,0
2024-11-17,Los Angeles Rams,New England Patriots,Javon Baker,New England Patriots,0,0
2024-11-17,Minnesota Vikings,Tennessee Titans,Brandon Powell,Minnesota Vikings,0,0
2024-11-17,Minnesota Vikings,Tennessee Titans,Ty Chandler,Minnesota Vikings,0,0
2024-11-17,Minnesota Vikings,Tennessee Titans,Jha'Quan Jackson,Tennessee Titans,0,0
2024-11-17,Minnesota Vikings,Tennessee Titans,Julius Chestnut,Tennessee Titans,0,0
2024-11-17,Seattle Seahawks,San Francisco 49ers,Kenny McIntosh,Seattle Seahawks,0,0
2024-11-17,Seattle Seahawks,San Francisco 49ers,Jacob Cowing,San Francisco 49ers,0,0
2024-11-17,Seattle Seahawks,San Francisco 49ers,Isaac Guerendo,San Francisco 49ers,0,0
2024-11-17,Seattle Seahawks,San Francisco 49ers,Jordan Mason,San Francisco 49ers,0,0
2024-11-18,Houston Texans,Dallas Cowboys,Dameon Pierce,Houston Texans,0,0
2024-11-18,Houston Texans,Dallas Cowboys,Robert Woods,Houston Texans,0,0
2024-11-18,Houston Texans,Dallas Cowboys,KaVontae Turpin,Dallas Cowboys,0,0
2024-11-21,Pittsburgh Steelers,Cleveland Browns,Cordarrelle Patterson,Pittsburgh Steelers,0,0
2024-11-21,Pittsburgh Steelers,Cleveland Browns,Jaylen Warren,Pittsburgh Steelers,0,0
2024-11-21,Pittsburgh Steelers,Cleveland Browns,Jerome Ford,Cleveland Browns,0,0
2024-11-24,Arizona Cardinals,Seattle Seahawks,Greg Dortch,Arizona Cardinals,0,0
2024-11-24,Arizona Cardinals,Seattle Seahawks,DeeJay Dallas,Arizona Cardinals,0,0
2024-11-24,Arizona Cardinals,Seattle Seahawks,Dee Williams,Seattle Seahawks,0,0
2024-11-24,Arizona Cardinals,Seattle Seahawks,Kenny McIntosh,Seattle Seahawks,0,0
2024-11-24,Dallas Cowboys,Washington Commanders,KaVontae Turpin,Dallas Cowboys,1,0
2024-11-24,Dallas Cowboys,Washington Commanders,Juanyeh Thomas,Dallas Cowboys,1,0
2024-11-24,Dallas Cowboys,Washington Commanders,Olamide Zaccheaus,Washington Commanders,0,0
2024-11-24,Dallas Cowboys,Washington Commanders,Austin Ekeler,Washington Commanders,0,0
2024-11-24,Denver Broncos,Las Vegas Raiders,Marvin Mims,Denver Broncos,0,0
2024-11-24,Denver Broncos,Las Vegas Raiders,DJ Turner,Las Vegas Raiders,0,0
2024-11-24,Denver Broncos,Las Vegas Raiders,Dylan Laube,Las Vegas Raiders,0,0
2024-11-24,Detroit Lions,Indianapolis Colts,Kalif Raymond,Detroit Lions,0,0
2024-11-24,Detroit Lions,Indianapolis Colts,Amon-Ra St. Brown,Detroit Lions,0,0
2024-11-24,Detroit Lions,Indianapolis Colts,Josh Downs,Indianapolis Colts,0,0
2024-11-24,Detroit Lions,Indianapolis Colts,Tyler Goodson,Indianapolis Colts,0,0
2024-11-24,Kansas City Chiefs,Carolina Panthers,Mecole Hardman,Kansas City Chiefs,0,0
2024-11-24,Kansas City Chiefs,Carolina Panthers,Samaje Perine,Kansas City Chiefs,0,0
2024-11-24,Kansas City Chiefs,Carolina Panthers,Raheem Blackshear,Carolina Panthers,0,0
2024-11-24,Minnesota Vikings,Chicago Bears,Brandon Powell,Minnesota Vikings,0,0
2024-11-24,Minnesota Vikings,Chicago Bears,Ty Chandler,Minnesota Vikings,0,0
2024-11-24,Minnesota Vikings,Chicago Bears,DeAndre Carter,Chicago Bears,0,0
2024-11-24,New England Patriots,Miami Dolphins,Marcus Jones,New England Patriots,0,0
2024-11-24,New England Patriots,Miami Dolphins,Malik Washington,Miami Dolphins,0,0
2024-11-24,Philadelphia Eagles,Los Angeles Rams,Britain Covey,Philadelphia Eagles,0,0
2024-11-24,Philadelphia Eagles,Los Angeles Rams,Xavier Smith,Los Angeles Rams,0,0
2024-11-24,San Francisco 49ers,Green Bay Packers,Ricky Pearsall,San Francisco 49ers,0,0
2024-11-24,San Francisco 49ers,Green Bay Packers,Deebo Samuel,San Francisco 49ers,0,0
2024-11-24,San Francisco 49ers,Green Bay Packers,Isaac Guerendo,San Francisco 49ers,0,0
2024-11-24,San Francisco 49ers,Green Bay Packers,Jordan Mason,San Francisco 49ers,0,0
2024-11-24,San Francisco 49ers,Green Bay Packers,Jayden Reed,Green Bay Packers,0,0
2024-11-24,San Francisco 49ers,Green Bay Packers,Corey Ballentine,Green Bay Packers,0,0
2024-11-24,Tampa Bay Buccaneers,New York Giants,Trey Palmer,Tampa Bay Buccaneers,0,0
2024-11-24,Tampa Bay Buccaneers,New York Giants,Sean Tucker,Tampa Bay Buccaneers,0,0
2024-11-24,Tampa Bay Buccaneers,New York Giants,Ihmir Smith-Marsette,New York Giants,0,0
2024-11-24,Tennessee Titans,Houston Texans,Jha'Quan Jackson,Tennessee Titans,0,0
2024-11-24,Tennessee Titans,Houston Texans,Julius Chestnut,Tennessee Titans,0,0
2024-11-24,Tennessee Titans,Houston Texans,Robert Woods,Houston Texans,0,0
2024-11-24,Tennessee Titans,Houston Texans,Dameon Pierce,Houston Texans,0,0
2024-11-24,Tennessee Titans,Houston Texans,Dare Ogunbowale,Houston Texans,0,0
